#ifndef _casio_v2_H_
#define _casio_v2_H_

#include <cinttypes>
#define M0 "\x0e\x7c\x0e\x7c\x0e\x7c\x0e\x7c\x0e\x7c\x0e\x7c\x0e\x7c\x0e\x7c\x0e\x7c\x0e\x7c\x0e\x7c\x0e\x7c\x0e\x7c\x0e\x7c\x0e\x7c\x0e\x7c"
#define M1 "\x0e\x7c\x0e\x7c\x0e\x7c\x0e\x7c\x0e\x7c\x0e\x7c\x0e\x7c\x0e\x7c\x0e\x7c\x0e\x7c\x0e\x7c\x0e\x7c\x0e\x7c\x0e\x7c\x0e\x7c"
#define M2 "\x0e\x7c\x0e\x7c\x0e\x7c\x0e\x7c\x0e\x7c\x0e\x7c\x0e\x7c\x0e\x7c\x0e\x7c\x0e\x7c\x0e\x7c\x0e\x7c\x0e\x7c\x0e\x7c"
#define M3 "\x0e\x7c\x0e\x7c\x0e\x7c\x0e\x7c\x0e\x7c\x0e\x7c\x0e\x7c\x0e\x7c\x0e\x7c\x0e\x7c\x0e\x7c\x0e\x7c\x0e\x7c"
#define M4 "\x0e\x7c\x0e\x7c\x0e\x7c\x0e\x7c\x0e\x7c\x0e\x7c\x0e\x7c\x0e\x7c\x0e\x7c\x0e\x7c\x0e\x7c\x0e\x7c"
#define M5 "\x0e\x7c\x0e\x7c\x0e\x7c\x0e\x7c\x0e\x7c\x0e\x7c\x0e\x7c\x0e\x7c\x0e\x7c\x0e\x7c\x0e\x7c"
#define M6 "\x0e\x7c\x0e\x7c\x0e\x7c\x0e\x7c\x0e\x7c\x0e\x7c\x0e\x7c\x0e\x7c\x0e\x7c\x0e\x7c"
#define M7 "\x00\x00\x00\x00\x00\x00\x00\x00\x00\x00\x00\x00\x00\x00\x00\x00\x00\x00\x00\x00\x00\x00\x00\x00\x00\x00\x00\x00\x00\x00\x00\x00"
#define M8 "\x0e\x7c\x0e\x7c\x0e\x7c\x0e\x7c\x0e\x7c\x0e\x7c\x0e\x7c\x0e\x7c\x0e\x7c"
#define M9 "\x00\x00\x00\x00\x00\x00\x00\x00\x00\x00\x00\x00\x00\x00\x00\x00\x00\x00\x00\x00\x00\x00\x00\x00\x00\x00\x00\x00\x00\x00"
#define M10 "\x00\x00\x00\x00\x00\x00\x00\x00\x00\x00\x00\x00\x00\x00\x00\x00\x00\x00\x00\x00\x00\x00\x00\x00\x00\x00\x00\x00"
#define M11 "\x0e\x7c\x0e\x7c\x0e\x7c\x0e\x7c\x0e\x7c\x0e\x7c\x0e\x7c\x0e\x7c"
#define M12 "\x00\x00\x00\x00\x00\x00\x00\x00\x00\x00\x00\x00\x00\x00\x00\x00\x00\x00\x00\x00\x00\x00\x00\x00\x00\x00"
#define M13 "\x00\x00\x00\x00\x00\x00\x00\x00\x00\x00\x00\x00\x00\x00\x00\x00\x00\x00\x00\x00\x00\x00\x00\x00"
#define M14 "\x0e\x7c\x0e\x7c\x0e\x7c\x0e\x7c\x0e\x7c\x0e\x7c\x0e\x7c"
#define M15 "\x00\x00\x00\x00\x00\x00\x00\x00\x00\x00\x00\x00\x00\x00\x00\x00\x00\x00\x00\x00\x00\x00"
#define M16 "\x00\x00\x00\x00\x00\x00\x00\x00\x00\x00\x00\x00\x00\x00\x00\x00\x00\x00\x00\x00"
#define M17 "\x0e\x7c\x0e\x7c\x0e\x7c\x0e\x7c\x0e\x7c\x0e\x7c"
#define M18 "\x00\x00\x00\x00\x00\x00\x00\x00\x00\x00\x00\x00\x00\x00\x00\x00\x00\x00"
#define M19 "\x00\x00\x00\x00\x00\x00\x00\x00\x00\x00\x00\x00\x00\x00\x00\x00"
#define M20 "\x0e\x7c\x0e\x7c\x0e\x7c\x0e\x7c\x0e\x7c"
#define M21 "\x00\x00\x00\x00\x00\x00\x00\x00\x00\x00\x00\x00\x00\x00"
#define M22 "\x00\x00\x00\x00\x00\x00\x00\x00\x00\x00\x00\x00"
#define M23 "\x0e\x7c\x0e\x7c\x0e\x7c\x0e\x7c"
#define M24 "\x00\x00\x00\x00\x00\x00\x00\x00\x00\x00"
#define M25 "\x00\x00\x00\x00\x00\x00\x00\x00"
#define M26 "\x0e\x7c\x0e\x7c\x0e\x7c"
#define M27 "\x00\x00\x00\x00\x00\x00"
#define M28 "\x41\x08\x41\x08\x41\x08\x41\x08\x41\x08\x41\x08\x41\x08\x41\x08\x41\x08\x41\x08\x41\x08\x41\x08\x41\x08\x41\x08\x41\x08\x41\x08"
#define M29 "\x41\x08\x41\x08\x41\x08\x41\x08\x41\x08\x41\x08\x41\x08\x41\x08\x41\x08\x41\x08\x41\x08\x41\x08\x41\x08\x41\x08\x41\x08"
#define M30 "\x41\x08\x41\x08\x41\x08\x41\x08\x41\x08\x41\x08\x41\x08\x41\x08\x41\x08\x41\x08\x41\x08\x41\x08\x41\x08\x41\x08"
#define M31 "\x41\x08\x41\x08\x41\x08\x41\x08\x41\x08\x41\x08\x41\x08\x41\x08\x41\x08\x41\x08\x41\x08\x41\x08\x41\x08"
#define M32 "\x41\x08\x41\x08\x41\x08\x41\x08\x41\x08\x41\x08\x41\x08\x41\x08\x41\x08\x41\x08\x41\x08\x41\x08"
#define M33 "\x41\x08\x41\x08\x41\x08\x41\x08\x41\x08\x41\x08\x41\x08\x41\x08\x41\x08\x41\x08\x41\x08"
#define M34 "\x41\x08\x41\x08\x41\x08\x41\x08\x41\x08\x41\x08\x41\x08\x41\x08\x41\x08\x41\x08"
#define M35 "\x41\x08\x41\x08\x41\x08\x41\x08\x41\x08\x41\x08\x41\x08\x41\x08\x41\x08"
#define M36 "\x41\x08\x41\x08\x41\x08\x41\x08\x41\x08\x41\x08\x41\x08\x41\x08"
#define M37 "\xf5\x09\xf5\x09\xf5\x09\xf5\x09\xf5\x09\xf5\x09\xf5\x09\xf5\x09\xf5\x09\xf5\x09\xf5\x09\xf5\x09\xf5\x09\xf5\x09\xf5\x09\xf5\x09"
#define M38 "\xf5\x09\xf5\x09\xf5\x09\xf5\x09\xf5\x09\xf5\x09\xf5\x09\xf5\x09\xf5\x09\xf5\x09\xf5\x09\xf5\x09\xf5\x09\xf5\x09\xf5\x09"
#define M39 "\xf5\x09\xf5\x09\xf5\x09\xf5\x09\xf5\x09\xf5\x09\xf5\x09\xf5\x09\xf5\x09\xf5\x09\xf5\x09\xf5\x09\xf5\x09\xf5\x09"
#define M40 "\x41\x08\x41\x08\x41\x08\x41\x08\x41\x08\x41\x08\x41\x08"
#define M41 "\xf5\x09\xf5\x09\xf5\x09\xf5\x09\xf5\x09\xf5\x09\xf5\x09\xf5\x09\xf5\x09\xf5\x09\xf5\x09\xf5\x09\xf5\x09"
#define M42 "\xf5\x09\xf5\x09\xf5\x09\xf5\x09\xf5\x09\xf5\x09\xf5\x09\xf5\x09\xf5\x09\xf5\x09\xf5\x09\xf5\x09"
#define M43 "\x41\x08\x41\x08\x41\x08\x41\x08\x41\x08\x41\x08"
#define M44 "\xf5\x09\xf5\x09\xf5\x09\xf5\x09\xf5\x09\xf5\x09\xf5\x09\xf5\x09\xf5\x09\xf5\x09\xf5\x09"
#define M45 "\xa2\x10\xa2\x10\xa2\x10\xa2\x10\xa2\x10\xa2\x10\xa2\x10\xa2\x10\xa2\x10\xa2\x10\xa2\x10\xa2\x10\xa2\x10\xa2\x10\xa2\x10\xa2\x10"
#define M46 "\x85\x08\x85\x08\x85\x08\x85\x08\x85\x08\x85\x08\x85\x08\x85\x08\x85\x08\x85\x08\x85\x08\x85\x08\x85\x08\x85\x08\x85\x08\x85\x08"
#define M47 "\x71\x8c\x71\x8c\x71\x8c\x71\x8c\x71\x8c\x71\x8c\x71\x8c\x71\x8c\x71\x8c\x71\x8c\x71\x8c\x71\x8c\x71\x8c\x71\x8c\x71\x8c\x71\x8c"
#define M48 "\xf4\x09\xf4\x09\xf4\x09\xf4\x09\xf4\x09\xf4\x09\xf4\x09\xf4\x09\xf4\x09\xf4\x09\xf4\x09\xf4\x09\xf4\x09\xf4\x09\xf4\x09\xf4\x09"
#define M49 "\xa6\x31\xa6\x31\xa6\x31\xa6\x31\xa6\x31\xa6\x31\xa6\x31\xa6\x31\xa6\x31\xa6\x31\xa6\x31\xa6\x31\xa6\x31\xa6\x31\xa6\x31\xa6\x31"
#define M50 "\xf2\x11\xf2\x11\xf2\x11\xf2\x11\xf2\x11\xf2\x11\xf2\x11\xf2\x11\xf2\x11\xf2\x11\xf2\x11\xf2\x11\xf2\x11\xf2\x11\xf2\x11\xf2\x11"
#define M51 "\xf5\x09\xf5\x09\xf5\x09\xf5\x09\xf5\x09\xf5\x09\xf5\x09\xf5\x09\xf5\x09\xf5\x09"
#define M52 "\xa2\x10\xa2\x10\xa2\x10\xa2\x10\xa2\x10\xa2\x10\xa2\x10\xa2\x10\xa2\x10\xa2\x10\xa2\x10\xa2\x10\xa2\x10\xa2\x10\xa2\x10"
#define M53 "\x85\x08\x85\x08\x85\x08\x85\x08\x85\x08\x85\x08\x85\x08\x85\x08\x85\x08\x85\x08\x85\x08\x85\x08\x85\x08\x85\x08\x85\x08"
#define M54 "\x71\x8c\x71\x8c\x71\x8c\x71\x8c\x71\x8c\x71\x8c\x71\x8c\x71\x8c\x71\x8c\x71\x8c\x71\x8c\x71\x8c\x71\x8c\x71\x8c\x71\x8c"
#define M55 "\xf4\x09\xf4\x09\xf4\x09\xf4\x09\xf4\x09\xf4\x09\xf4\x09\xf4\x09\xf4\x09\xf4\x09\xf4\x09\xf4\x09\xf4\x09\xf4\x09\xf4\x09"
#define M56 "\xa6\x31\xa6\x31\xa6\x31\xa6\x31\xa6\x31\xa6\x31\xa6\x31\xa6\x31\xa6\x31\xa6\x31\xa6\x31\xa6\x31\xa6\x31\xa6\x31\xa6\x31"
#define M57 "\xf2\x11\xf2\x11\xf2\x11\xf2\x11\xf2\x11\xf2\x11\xf2\x11\xf2\x11\xf2\x11\xf2\x11\xf2\x11\xf2\x11\xf2\x11\xf2\x11\xf2\x11"
#define M58 "\x41\x08\x41\x08\x41\x08\x41\x08\x41\x08"
#define M59 "\x2c\x09\x2c\x09\x2c\x09\x2c\x09\x2c\x09\x2c\x09\x2c\x09\x2c\x09\x2c\x09\x2c\x09\x2c\x09\x2c\x09\x2c\x09\x2c\x09\x2c\x09\x2c\x09"
#define M60 "\xa2\x10\xa2\x10\xa2\x10\xa2\x10\xa2\x10\xa2\x10\xa2\x10\xa2\x10\xa2\x10\xa2\x10\xa2\x10\xa2\x10\xa2\x10\xa2\x10"
#define M61 "\x85\x08\x85\x08\x85\x08\x85\x08\x85\x08\x85\x08\x85\x08\x85\x08\x85\x08\x85\x08\x85\x08\x85\x08\x85\x08\x85\x08"
#define M62 "\x71\x8c\x71\x8c\x71\x8c\x71\x8c\x71\x8c\x71\x8c\x71\x8c\x71\x8c\x71\x8c\x71\x8c\x71\x8c\x71\x8c\x71\x8c\x71\x8c"
#define M63 "\xf4\x09\xf4\x09\xf4\x09\xf4\x09\xf4\x09\xf4\x09\xf4\x09\xf4\x09\xf4\x09\xf4\x09\xf4\x09\xf4\x09\xf4\x09\xf4\x09"

const uint16_t casio_v2_width  = 240;
const uint16_t casio_v2_height = 240;

const char casio_v2_data[] = 
  M7 
  M7 
  M7 
  M7 
  M7 
  M7 
  M7 
  M7 
  M7 
  M7 
  M7 
  M7 
  M7 
  M7 
  M7 
  M7 
  M25 "\x01\x00\x21\x00\x21\x00\x22\x00\x43\x00\x43\x00\x43\x00\x64\x00\x64\x00\x64\x00" M46 M46 M46 M46 M46 M46 M46 M46 M46 M46 M46 
  "\x85\x08\x85\x08\x85\x08\x85\x08\x85\x08\x85\x08\x85\x08\x85\x08\x84\x08\x84\x08\x84\x08\x63" M7 M7 M24 
  "\x00\x21\x00\x43\x00\x85\x00\xa7\x00\x29\x09\x6b\x09\x6b\x09\x6b\x09\xae\x11\xaf\x11\xd0\x19\xd0\x19\xf1\x19\xf1\x19\xf0\x19" M50 M50 M50 M50 M50 M50 M50 M50 M50 M50 M50 
  "\xf2\x11\xf2\x11\xf2\x11\xf2\x11\xd1\x11\xf1\x19\xf1\x19\xf1\x19\xd0\x19\xd0\x11\xaf\x11\x8d\x11\x6b\x09\x4a\x09\x4a\x09\xc7" 
  "\x00\x85\x00\x42\x00\x21" M7 M13 
  "\x00\x22\x00\x64\x00\xa7\x08\x4b\x09\xae\x11\x11\x12\x53\x1a\x74\x1a\x74\x12\x74\x12\x55\x12\x55\x12\x55\x12\x55\x12\x55\x12" "\x55\x12\x35\x12" M37 M37 M37 M37 M37 M37 M37 M37 M37 M37 M37 
  "\xf5\x09\xf5\x09\xf5\x09\xf5\x09\x15\x0a\x55\x12\x55\x12\x55\x12\x55\x12\x55\x12\x55\x12\x74\x12\x74\x12\x74\x1a\x73\x1a\x32" 
  "\x12\xf0\x11\x6d\x09\xe9\x08\x65\x00\x22" M7 M19 
  "\x00\x42\x00\xa6\x00\x09\x09\x8d\x11\xf1\x11\x54\x12\x55\x12\x55\x12\x75\x12\x75\x12\x96\x12\x76\x12\x75\x12\x55\x12\x55\x12" 
  "\x55\x12\x55\x12\x55\x12\x35\x12\x15\x0a\x15\x0a\x15\x0a\x15\x0a\x15\x0a\x15\x0a\x15\x0a\x15\x0a\x15\x0a\x15\x0a\x15\x0a\x15" 
  "\x0a\x15\x0a\x15\x0a\x15\x0a\x15\x0a\x15\x0a\x15\x0a\x15\x0a\x15\x0a\x15\x0a\x15\x0a\x15\x0a\x15\x0a\x15\x0a\x15\x0a\x15\x0a" 
  "\x15\x0a\x15\x0a\x15\x0a\x15\x0a\x15\x0a\x15\x0a\x15\x0a\x15\x0a\x15\x0a\x15\x0a\x15\x0a\x15\x0a\x15\x0a\x15\x0a\x15\x0a\x15" 
  "\x0a\x15\x0a\x15\x0a\x15\x0a\x15\x0a\x15\x0a\x15\x0a\x15\x0a\x15\x0a\x15\x0a\x15\x0a\x15\x0a\x15\x0a\x15\x0a\x15\x0a\x15\x0a" "\x15\x0a\x15\x0a\x15\x0a\x15\x0a\x15\x0a\x15\x0a\x15\x0a" M37 M37 M37 M37 M37 M37 
  "\xf5\x09\xf5\x09\x15\x0a\x15\x0a\x15\x0a\x15\x0a\x15\x0a\x15\x0a\x15\x0a\x15\x0a\x15\x0a\x15\x0a\x15\x0a\x15\x0a\x15\x0a\x15" 
  "\x0a\x15\x0a\x15\x0a\x15\x0a\x15\x0a\x35\x12\x55\x12\x55\x12\x55\x12\x55\x12\x55\x12\x75\x12\x96\x12\x96\x12\x75\x12\x55\x12" 
  "\x55\x12\x54\x12\x32\x12\xaf\x11\x4b\x09\xc7\x08\x64\x00\x01" M7 M27 
  "\x00\x21\x00\x64\x00\xe8\x08\x6d\x09\xf0\x11\x33\x12\x34\x12\x55\x12\x55\x12\x55\x12\x75\x12\x75\x12\x75\x12\x55\x12\x55\x12" "\x55\x1a\x55\x12\x34\x12\x34\x12\x34\x12\x13\x12" M48 M48 M48 M48 M48 M48 M48 M48 M48 M48 M48 
  "\xf4\x09\xf4\x09\xf4\x09\xf4\x09\xf4\x09\x14\x12\x34\x12\x34\x12\x55\x12\x55\x1a\x55\x12\x55\x12\x75\x12\x75\x12\x75\x12\x55" 
  "\x12\x55\x12\x55\x12\x55\x12\x33\x12\x11\x12\xae\x11\x2a\x09\x85\x00\x21" M7 
  "\x00\x00\x00\x43\x00\xa6\x00\x2a\x09\xaf\x09\xf2\x11\x14\x0a\x34\x0a\x35\x0a\x55\x12\x55\x12\x54\x1a\x33\x1a\x12\x1a\xf1\x19" "\xcf\x11\xaf\x11\xaf\x11\xaf\x11\x8e\x11\x6d\x09\x6d\x09\x4c\x09" M59 M59 M59 M59 M59 M59 M59 M59 M59 M59 
  "\x2c\x09\x2c\x09\x2c\x09\x2d\x09\x2d\x09\x2d\x09\x2d\x09\x2d\x09\x2d\x09\x2d\x09\x2d\x09\x2d\x09\x2d\x09\x2d\x09\x2d\x09\x2d" 
  "\x09\x2d\x09\x2d\x09\x2d\x09\x2d\x09\x2c\x09\x4d\x09\x6d\x09\x8e\x09\x8f\x11\xaf\x11\xaf\x11\xaf\x11\xd0\x11\x11\x1a\x33\x1a" 
  "\x54\x1a\x55\x12\x55\x12\x55\x12\x35\x0a\x34\x0a\x13\x0a\xd0\x11\x6c\x09\xe8\x00\x64\x00\x20" M10 
  "\x00\x42\x00\xc8\x00\x4c\x09\xb0\x09\xd2\x09\xf3\x09\x14\x0a\x34\x12\x54\x1a\x32\x1a\xcf\x11\x8d\x11\x2b\x09\xe9\x00\xc7\x00" "\xa6\x00\x84\x00\x64\x00\x64\x00\x64\x08\x63\x08\x63\x08\x42\x08" M28 M28 M28 M28 M28 M28 M28 M28 M28 M28 
  "\x41\x08\x41\x08\x41\x08\x21\x08\x21\x08\x21\x08\x21\x08\x21\x08\x21\x08\x21\x08\x21\x08\x21\x08\x21\x08\x21\x08\x21\x08\x21" 
  "\x08\x21\x08\x21\x08\x21\x08\x21\x08\x41\x08\x42\x08\x63\x08\x63\x08\x64\x08\x64\x00\x84\x00\xa5\x00\xc7\x00\xe8\x00\x09\x09" 
  "\x6c\x11\xae\x11\x11\x1a\x33\x1a\x54\x12\x34\x0a\xf4\x09\xd3\x09\xd1\x09\x8e\x09\x0a\x09\x84\x00\x21" M13 
  "\x00\x63\x00\xe8\x08\x6d\x09\xd0\x09\xf2\x09\xf3\x09\xf3\x11\xf2\x11\xd0\x11\x8c\x09\xe8\x08\xa6\x00\x64\x00\x63\x00\x63\x08" "\x62\x08\x62\x08\x42\x10\x42\x10\x42\x10\x42\x10\x42\x10\x42\x10\x42\x08" M28 M28 M28 M28 M28 M28 M28 M28 M28 M28 M28 M58 
  "\x42\x10\x42\x10\x42\x10\x42\x10\x42\x10\x42\x10\x42\x08\x62\x08\x62\x08\x63\x08\x64\x00\x85\x00\xc7\x00\x4a\x09\xae\x11\xf1" "\x11\xf3\x11\xf3\x09\xf3\x09\xd1\x09\xaf\x09\x0a\x09\x85\x00\x21" M16 
  "\x00\x42\x00\xc8\x08\x4d\x09\xb0\x09\xd1\x09\xd3\x09\xf3\x11\xd1\x11\x6c\x09\xe8\x00\xa5\x00\x63\x00\x63\x08\x63\x08\x42\x08" "\x42\x08\x62\x10\x62\x10\x62\x10\x62\x10\x82\x10\x83\x18\xa3\x18\xc3\x18\x04\x21" M45 M45 M45 M45 M45 M45 M45 M45 M45 M45 M45 
  "\xa2\x10\xa2\x10\xa2\x10\xa2\x10\xc3\x18\xe4\x20\xc3\x18\xa2\x18\x82\x10\x62\x10\x62\x10\x62\x10\x62\x10\x62\x08\x42\x08\x42" 
  "\x08\x63\x08\x63\x00\x84\x00\xc6\x00\x2a\x09\xaf\x11\xf2\x11\xf3\x09\xd2\x09\xd0\x09\x8e\x09\x0a\x09\x84\x00\x21" M19 
  "\x00\x41\x00\xa6\x08\x2b\x09\x6f\x09\xb0\x09\xd1\x09\xd1\x09\xaf\x11\x2a\x09\xc6\x00\x83\x00\x62\x00\x82\x08\x83\x10\x25\x21" "\x08\x42\xcb\x5a\x2c\x63\x2c\x63\x6d\x6b\x8e\x73\xae\x73\xcf\x7b\x30\x84\x51\x8c\x51\x8c" M47 M47 M47 M47 M47 M47 M47 M47 M47 M47 M47 
  "\x71\x8c\x71\x8c\x71\x8c\x71\x8c\x71\x8c\x51\x8c\x30\x8c\xef\x7b\xae\x73\xae\x73\x8e\x73\x2c\x6b\x2c\x63\xeb\x5a\x6a\x4a\x86" 
  "\x31\xc3\x18\x82\x08\x62\x00\x62\x00\xa4\x00\xe8\x08\x8d\x11\xd1\x11\xd1\x09\xd1\x09\x90\x09\x6d\x09\xe8\x08\x63" M19 
  "\x00\x64\x00\xe8\x08\x6e\x09\x90\x09\xd1\x09\xd1\x09\xaf\x11\x08\x09\x84\x00\x62\x08\x41\x00\xc3\x18\x8a\x4a\x10\x84\xf3\x9c" "\xb2\x94\x51\x84\xcf\x7b\x6d\x6b\x4d\x6b\x2d\x6b\x0d\x63\xcc\x5a\x49\x4a\xe9\x41\xa7\x39" M49 M49 M49 M49 M49 M49 M49 M49 M49 M49 M49 
  "\xa6\x31\xa6\x31\xa6\x31\xa6\x31\xa7\x39\xc8\x39\x29\x42\xab\x52\xed\x62\x0d\x63\x2d\x6b\x6d\x6b\xae\x73\x30\x84\x71\x8c\xf3" 
  "\x9c\x92\x94\x4d\x63\x65\x29\x61\x08\x61\x00\x83\x08\xc6\x00\x6c\x11\xd0\x09\xd1\x09\xb0\x01\x6f\x09\x2b\x09\xa6\x08\x21" M22 
  "\x00\x42\x00\xa6\x08\x2b\x09\x8f\x09\xb0\x01\xd1\x09\xcf\x11\x2a\x09\x84\x00\x62\x08\x61\x08\x65\x29\x10\x84\x92\x94\x4d\x6b" "\x29\x42\x24\x21\xc3\x18\x83\x10\x82\x10\x62\x08\x62\x08\x62\x08" M28 M28 M28 M28 M28 M28 M28 M28 M28 M28 M28 M32 
  "\x61\x08\x62\x08\x62\x08\x62\x08\x82\x10\xa3\x10\xe4\x18\xa7\x31\xab\x52\x10\x84\xb3\x94\x69\x4a\x82\x10\x62\x08\x63\x00\xc7" "\x08\x8d\x11\xd0\x09\xb0\x09\x90\x09\x4d\x09\xe9\x08\x63" M24 
  "\x00\x21\x00\x84\x00\x09\x09\x6d\x09\x90\x09\xd1\x09\xd0\x11\x4b\x11\x85\x08\x63\x08\x62\x08\xa6\x31\x72\x8c\x10\x84\xc7\x39" "\x82\x10\x61\x08\x20\x00\x20" M7 M7 M7 M7 M7 M7 M7 M7 M7 M7 M7 M7 M19 
  "\x00\x20\x00\x41\x08\x04\x19\xec\x5a\xb3\x94\x0c\x5b\xa3\x10\x42\x08\x64\x08\xe8\x08\xae\x11\xd1\x09\xb0\x09\x8f\x09\x2b\x09" "\xa6\x00\x42" M25 
  "\x00\x42\x00\xa6\x00\x4c\x09\x8f\x09\xb1\x09\xd1\x09\x8e\x11\xa7\x08\x63\x08\x42\x08\x66\x29\x31\x84\xcf\x7b\x04\x19\x41\x08" "\x20" M7 M7 M7 M7 M7 M7 M7 M7 M7 M7 M7 M7 M10 
  "\x00\x62\x08\x8b\x52\x93\x94\xab\x52\x62\x08\x43\x08\x64\x08\x2b\x09\xd0\x09\xd1\x09\xb0\x09\x6e\x09\xe8\x08\x63" M25 
  "\x00\x63\x00\xc7\x00\x6d\x09\xb0\x09\xb1\x09\xb1\x09\x2a\x09\x64\x08\x42\x08\xa3\x10\xaf\x73\x10\x7c\x04\x19\x41\x08" M7 
  M7 
  M7 
  M7 
  M7 
  M7 
  M7 
  M7 
  M7 
  M7 
  M7 
  M7 
  M7 
  "\x00\x00\x62\x08\x8a\x4a\x92\x8c\xc7\x31\x42\x08\x43\x08\xc6\x08\x8f\x11\xd1\x09\xb1\x09\x8f\x09\x0a\x09\x84" M27 "\x00\x21\x00\x84\x00\xe9\x08\x6e\x09\x91\x09\xb1\x09\xaf\x11\xe8\x08\x43\x08\x62\x08\xe8\x39\x92\x8c\xc7\x39\x41\x08" M7 M7 M21 "\x20\x00\x61\x08\x20\x00\x61\x08\x20" M15 "\x00\x20" M18 
  "\x00\x41\x08\x61\x08\x41\x08\x41\x08" M24 "\x20\x00\x20\x00\x20" M21 "\x00\x20\x00\x20\x00\x20" M7 M7 M7 M7 M7 M7 M7 M15 "\x00\x20\x00\xa3\x10\xcf\x73\xaf\x73\xa3\x10\x62\x08\x85\x00\x8d\x11\xb1\x09\xb1\x09\x90\x09\x2b\x09\xa6\x00\x21\x00\x00\x00" 
  "\x00\x00\x21\x00\x84\x00\x0a\x09\x6f\x09\x91\x09\xb1\x09\x8e\x11\xa6\x00\x42\x08\x82\x10\xef\x7b\xae\x73\x62\x08\x20" M7 M7 M27 "\x00\x20\x00\x45\x29\x0c\x63\xae\x73\x0f\x7c\x51\x8c\x10\x84\x51\x8c\x10\x84\xae\x73\x8a\x52\x61\x08" M25 "\x61\x08\x6d\x6b\xcf\x7b\xce\x73\x8e\x73\x04\x21" M24 
  "\xe7\x39\x0c\x63\xae\x73\x10\x84\x30\x84\x30\x84\x0f\x7c\x6d\x73\x69\x52\x61\x08\x00\x00\x20\x00\xcb\x5a\x8e\x73\x2c\x63\x41" 
  "\x08\x00\x00\x00\x00\x24\x21\x0c\x63\xce\x73\xef\x7b\x30\x84\x30\x84\x30\x84\xcf\x7b\x6d\x6b\x28\x42\x61\x08" M7 M7 M7 M7 M7 M7 M7 M21 
  "\x20\x00\x41\x08\xc8\x39\xf3\x9c\x86\x31\x42\x08\x64\x00\x4b\x09\xb0\x09\xb1\x09\x90\x09\x4c\x09\xc7\x00\x41\x00\x00\x00\x00" "\x00\x21\x00\x85\x00\x0b\x09\x6f\x09\x91\x09\xb1\x09\x8e\x11\x85\x00\x41\x08\xa2\x10\xb1\x94\x08\x42\x41\x08" M7 M7 M25 "\x45\x29\x71\x8c\x75\xad\x96\xb5\x96\xb5\x96\xb5\x96\xb5\x96\xb5\x96\xb5\x95\xad\x34\xa5\xcb\x5a\x41\x08" M27 "\x28\x42\x54\xa5\x95\xad\x96\xb5\x75\xad\x2c\x63" M25 
  "\xc7\x39\xd3\x9c\x75\xad\x96\xb5\x96\xb5\x96\xb5\x96\xb5\x96\xb5\x75\xad\x34\xa5\xcb\x5a\x00\x00\x61\x08\x30\x8c\x55\xad\x55" 
  "\xad\xc3\x18\x00\x00\x04\x21\x92\x94\x75\xad\x96\xb5\x96\xb5\x96\xb5\x96\xb5\x96\xb5\x96\xb5\x95\xad\x14\xa5\xeb\x5a" M7 M7 M27 
  "\x20\x00\x01\x21\x63\x31\x22\x29\x22\x29\x22\x29\x22\x29\x22\x29\x83\x31\x02\x19" M15 "\x61\x10\x03\x21\x64\x31\x64\x31\x23\x29\x60\x10" M22 
  "\x20\x08\x43\x29\xe5\x41\xa1\x10\x00\x00\x00\x00\x81\x10\x83\x31\x83\x31\xe2\x20\x00\x00\x00\x00\x02\x21\x42\x31\x42\x31\x81" 
  "\x10\x00\x00\x60\x08\x62\x31\x82\x39\x83\x31\x40\x08" M7 M12 
  "\x20\x00\x41\x08\xc3\x18\x30\x84\x07\x42\x41\x08\x43\x00\x2a\x09\xb0\x11\xb1\x09\x90\x09\x4d\x09\xc7\x00\x42\x00\x42\x00\x00" "\x00\x41\x00\xa6\x00\x2c\x09\x6f\x09\x90\x09\xb0\x09\x6c\x11\x64\x00\x41\x08\xc2\x18\x91\x94\x04\x21\x20" M7 M7 M25 
  "\x00\x8e\x73\x95\xad\x34\xa5\xae\x73\xcb\x5a\xaa\x52\x69\x4a\x8a\x52\xeb\x5a\x71\x8c\x75\xad\xf3\x9c\xa6\x31\x00\x00\x00\x00" 
  "\xa2\x10\x71\x8c\x95\xad\x71\x8c\x0f\x7c\x95\xad\xf3\x9c\x45\x29\x00\x00\x00\x00\x20\x00\x92\x94\x96\xb5\xb2\x94\xcb\x5a\xe7" "\x39\x07\x3a\x07\x3a\x69\x4a\x51\x8c\x96\xb5\xd3\x9c\xc3\x18\x61\x08\x30\x84\x96\xb5\x96\xb5\xa2\x10\x00\x00\xcf\x7b\x96\xb5" 
  "\x13\x9d\x6d\x6b\xcb\x5a\x89\x4a\x8a\x52\x8a\x52\xcb\x5a\x71\x8c\x96\xb5\x34\xa5\x65\x29" M7 M7 
  "\x00\x00\x00\x00\x80\x10\x67\x7b\x27\x9c\x07\x94\x07\x94\x27\x94\x27\x94\x07\x94\x28\x94\x64\x52" M18 
  "\x40\x08\xe3\x51\xe6\x93\x06\x9c\xe6\x93\xe5\x93\x05\x9c\xe6\x93\x23\x52\x20" M27 
  "\x00\xe1\x20\x63\x62\x06\x9c\x27\x94\xe4\x41\x00\x00\x00\x00\xa3\x39\x06\x94\x06\x9c\xe5\x6a\x20\x00\x02\x29\xa8\x8b\x06\x9c" 
  "\x06\x9c\xc3\x41\x00\x00\x43\x52\x27\x94\x06\x9c\xe5\x6a\x60\x10" M7 M12 
  "\x20\x00\x41\x08\x41\x08\x4d\x63\x48\x4a\x41\x10\x42\x00\xe9\x08\xaf\x11\xb1\x09\x90\x09\x4d\x09\xc8\x00\x63\x00\x63\x00\x00" "\x00\x41\x00\xc7\x00\x2d\x09\x6f\x09\xb0\x09\xb0\x09\x4b\x09\x43\x00\x41\x08\x44\x29\x92\x8c\x04\x19" M7 M7 M24 "\x92\x94\x96\xb5\xb2\x94\x41\x08" M24 
  "\x69\x4a\x13\x9d\xd3\x9c\x49\x4a\x00\x00\x00\x00\x69\x4a\x55\xad\x55\xad\x8a\x52\xa6\x31\x34\xa5\x95\xad\x6d\x6b\x00\x00\x00" 
  "\x00\x20\x00\xf3\x9c\x96\xb5\x30\x84\x45\x29\x61\x08\x41\x08\x41\x08\x41\x08\x49\x4a\x0f\x7c\xae\x73\x82\x10\x61\x08\x51\x8c" 
  "\x96\xb5\x96\xb5\x82\x10\x82\x10\xf3\x9c\x96\xb5\x51\x8c\x41\x08" M24 "\x69\x4a\x96\xb5\x96\xb5\x28\x42" M7 M7 
  "\x00\x00\x00\x00\xe1\x20\xa7\x83\x05\x9c\x06\x9c\x85\x83\x45\x7b\x45\x73\x24\x7b\x27\x73\x83\x39" M18 
  "\x82\x39\xa6\x8b\x06\x9c\xc6\x8b\x23\x52\x02\x52\x65\x83\x06\x9c\xc5\x8b\x01\x21\x00\x00\x00\x00\x22\x21\x66\x7b\xe6\x93\x06" 
  "\x9c\x07\x94\xa3\x39\x00\x00\x00\x00\x83\x31\x06\x94\x05\x9c\xe4\x72\xa0\x18\x84\x5a\x06\x94\x05\x9c\x06\x9c\x03\x4a\xa0\x18" 
  "\xa6\x83\x06\x9c\xc6\x8b\x01\x29" M7 M10 
  "\x20\x00\x41\x08\x41\x08\x0c\x5b\xeb\x5a\x61\x08\x42\x00\xc7\x00\xaf\x11\xb0\x09\x90\x09\x4e\x09\xea\x08\x64\x00\x63\x00\x00" "\x00\x21\x00\xc8\x00\x6e\x09\x90\x09\xb0\x09\xaf\x11\x09\x09\x42\x00\x21\x08\xe7\x39\x72\x8c\x83\x10" M7 M7 M25 "\x61\x08\x13\x9d\x96\xb5\x51\x8c" M22 
  "\x82\x10\xe7\x39\xe7\x39\xa2\x10\x00\x00\x61\x08\x71\x8c\x75\xad\x30\x84\xa2\x10\x61\x08\xae\x73\x95\xad\x14\xa5\x04\x21\x00" 
  "\x00\x00\x00\x30\x84\x96\xb5\x55\xad\x92\x94\x30\x84\xef\x7b\xef\x7b\xcf\x7b\x4d\x6b\x8a\x52\x82\x10\x00\x00\x61\x08\x71\x8c" 
  "\x96\xb5\x96\xb5\x41\x08\x82\x10\x13\x9d\x96\xb5\x30\x84\x41\x08" M24 "\x69\x4a\x96\xb5\x96\xb5\x49\x4a" M7 M7 
  "\x00\x00\x00\x00\x83\x39\x07\x94\x05\x9c\xe6\x93\x22\x5a\xa1\x41\xc1\x49\xc2\x41\x81\x10\x00\x00\x00\x00\x60\x08\xe1\x20\xe1" 
  "\x20\x01\x21\x01\x29\x60\x10\x00\x00\x00\x00\xe3\x41\x06\x94\x05\x9c\x25\x7b\x80\x18\x60\x18\xc5\x72\x05\x9c\x26\x9c\x64\x5a" 
  "\x00\x00\x00\x00\x86\x52\x28\x8c\x06\x9c\x06\x9c\xc6\x8b\x21\x29\x00\x00\x00\x00\x63\x31\x06\x94\x05\x9c\x64\x83\x62\x62\xe5" 
  "\x93\x05\x9c\x05\x9c\x05\x9c\x03\x73\xe3\x6a\x05\x9c\x06\x94\x64\x5a" M7 M9 
  "\x20\x00\x41\x08\x41\x08\x6b\x4a\xae\x73\x61\x08\x21\x00\x85\x00\x6d\x11\xb0\x09\x90\x09\x6f\x09\x0b\x09\x64\x00\x64\x00\x00" "\x00\x01\x00\xe9\x00\x6e\x09\x90\x09\xb0\x09\x8e\x09\xa7\x00\x00\x00\x00\x00\x28\x42\x52\x8c\x83\x10" M7 M7 M25 "\xa2\x10\x14\xa5\x96\xb5\x30\x84" M15 
  "\xc7\x39\x75\xad\x55\xad\xcb\x5a\x00\x00\x20\x00\xa6\x31\x34\xa5\x95\xad\xcb\x5a\x00\x00\x00\x00\x07\x3a\xf3\x9c\x96\xb5\x96" 
  "\xb5\x95\xad\x95\xad\x95\xad\x95\xad\x96\xb5\x75\xad\xce\x73\x00\x00\x61\x08\x71\x8c\x96\xb5\x96\xb5\x00\x00\xa2\x10\x14\xa5" 
  "\x96\xb5\x10\x84\x40" M24 "\x00\x69\x4a\x96\xb5\x96\xb5\xaa\x52" M7 M7 
  "\x00\x00\x00\x00\xe4\x49\x28\x9c\x05\x9c\x06\x9c\x26\x94\x46\x94\x26\x94\x49\x8c\xc1\x18\x00\x00\x00\x00\x23\x4a\xe7\x8b\x27" 
  "\x94\x47\x9c\x28\x94\xe4\x49\x00\x00\x00\x00\xa3\x39\xe7\x8b\x06\x9c\xe5\x93\xa3\x62\xc4\x72\xe6\x93\x06\x9c\x06\x94\xe5\x62" 
  "\x20\x08\x00\x00\x23\x21\x43\x52\xe5\x93\x06\x9c\xa6\x8b\x80\x10\x00\x00\x00\x00\x22\x21\xe6\x93\x05\x9c\xe5\x93\xc5\x93\x05" 
  "\x9c\x05\x9c\x05\x9c\x05\x9c\x05\x9c\x05\x9c\x05\x9c\x85\x83\xc1\x20" M7 M9 
  "\x20\x00\x41\x08\x41\x08\x4b\x4a\xef\x7b\x61\x10\x00\x00\x64\x00\x4c\x09\xb0\x09\x90\x09\x6f\x09\x0c\x09\x65\x00\x64\x00\x00" "\x00\x01\x00\xe9\x00\x6e\x09\x8f\x09\x6f\x09\x4e\x09\x85\x00\x00\x00\x00\x00\x28\x42\x52\x8c\x83\x10" M7 M7 M25 "\x82\x10\x14\xa5\x96\xb5\x30\x84" M22 
  "\xc3\x18\x4d\x6b\xae\x73\xe7\x39\x61\x08\x51\x8c\x96\xb5\x75\xad\x92\x94\x30\x84\x30\x84\x71\x8c\x75\xad\x96\xb5\xd3\x9c\xc3" 
  "\x18\x00\x00\x41\x08\x04\x21\x08\x42\x89\x4a\x2c\x63\x8d\x6b\x6d\x6b\xae\x73\x71\x8c\x75\xad\x55\xad\x86\x31\x61\x08\x71\x8c" 
  "\x95\xad\x95\xad\x41\x08\x82\x10\x14\xa5\x96\xb5\x0f\x7c\x41\x08" M25 "\x20\x00\x69\x4a\x95\xad\x96\xb5\x48\x42" M7 M7 
  "\x00\x00\x00\x00\x05\x73\x06\x9c\x06\x9c\x85\x83\xc4\x62\xc4\x5a\xa4\x62\x85\x52\x20\x00\x00\x00\x00\x00\x44\x52\x87\x7b\x46" 
  "\x7b\x46\x7b\x67\x7b\x63\x31\x00\x00\x00\x00\x20\x00\xc2\x41\x45\x83\xa5\x8b\xc6\x8b\xa5\x8b\xe5\x93\x05\x9c\x07\x94\x24\x4a" M27 
  "\x42\x31\xc6\x93\x06\x9c\x45\x7b\x40\x08\x00\x00\x00\x00\x01\x21\xe6\x93\x05\x9c\x05\x9c\x05\x9c\xe5\x93\x82\x6a\xe5\x93\x05" 
  "\x9c\x05\x9c\x05\x9c\xe6\x93\x03\x4a\x20" M7 M9 "\x00\x20\x00\x41\x08\x41\x08\x4b\x4a\xef\x7b\x61\x10\x00\x00\x63\x00\x2c\x09\xaf\x09\xb0\x09\x8f\x09\x0b\x09\x44\x00\x64\x00" 
  "\x00\x00\x22\x00\xea\x00\x6e\x09\x8f\x09\x8f\x09\x4e\x09\xa6\x00\x00\x00\x00\x00\x28\x42\x52\x8c\x83\x10" M7 M7 M25 "\x20\x00\xb2\x94\x96\xb5\xb2\x94\x61\x08\x20" M27 
  "\x00\x20\x00\x69\x4a\x34\xa5\x75\xad\x0c\x63\x08\x42\x34\xa5\x96\xb5\x96\xb5\x95\xad\x95\xad\x95\xad\x95\xad\x96\xb5\x95\xad" 
  "\x75\xad\x8a\x52\xa2\x10\x8e\x73\xce\x73\x28\x42\x61\x08\x20\x00\x20\x00\x00\x00\x81\x08\xcb\x5a\x55\xad\x95\xad\xc7\x39\x81" 
  "\x08\x71\x8c\x95\xad\x13\x9d\x20\x00\x81\x08\xd3\x9c\x95\xad\x30\x84\xa2\x10\x41\x08\x20\x00\x20\x00\x20\x00\x41\x08\x4d\x6b" "\x95\xad\x96\xb5\xc7\x39" M7 M7 
  "\x00\x00\x00\x00\x86\x83\x06\x9c\x27\x9c\xe3\x49\x20" M22 
  "\x00\x60\x08\xc1\x18\xa1\x18\xa1\x18\xa1\x18\x20\x00\x00\x00\x00\x00\xc4\x41\x64\x62\xe5\x7a\xe2\x51\x81\x41\xe1\x51\xa4\x8b" "\x06\x9c\x67\x83\xc1\x18" M27 
  "\xc3\x41\xe6\x93\x06\x9c\xc4\x6a\x20\x00\x00\x00\x00\x00\xc1\x18\xe6\x8b\x05\x9c\x05\x9c\x05\x94\xe5\x72\xe0\x28\x85\x8b\x05" 
  "\x9c\x05\x9c\x05\x9c\x05\x6b\x80\x10" M7 M7 
  "\x20\x00\x41\x08\x41\x08\x4b\x4a\xef\x7b\x61\x10\x00\x00\x63\x00\x2c\x09\xaf\x09\xb0\x09\x8f\x09\x0c\x09\x44\x00\x64\x00\x43" "\x00\x42\x00\xea\x00\x8e\x09\xaf\x09\x8f\x09\x6e\x09\xa6\x00\x00\x00\x00\x00\x28\x42\x52\x8c\x83\x10" M7 M7 M24 
  "\xae\x73\x96\xb5\x55\xad\x30\x84\xcf\x7b\xae\x73\x8e\x73\xae\x73\xcf\x7b\xf3\x9c\x95\xad\xf3\x9c\x69\x4a\x71\x8c\x75\xad\xf3" 
  "\x9c\x2c\x63\x49\x4a\x49\x4a\x49\x4a\x49\x4a\xeb\x5a\xb2\x94\x95\xad\x50\x84\xa6\x31\x14\xa5\x96\xb5\xb2\x94\x8e\x73\xcb\x5a" 
  "\xaa\x52\xcb\x5a\x2c\x63\x71\x8c\x95\xad\x14\xa5\x65\x29\x82\x10\x71\x8c\x95\xad\xd3\x9c\x00\x00\x00\x00\x8e\x73\x75\xad\x54" "\xa5\x30\x84\xef\x7b\xef\x7b\xef\x7b\xef\x7b\x30\x84\x34\xa5\x96\xb5\xd3\x9c\xc3\x18" M7 M7 
  "\x00\x00\x00\x00\xe8\x93\x06\x94\x07\x94\xc0\x18" M9 
  "\x44\x52\x08\x94\x06\x94\x85\x83\xc2\x62\x64\x7b\x06\x94\xe6\x93\x82\x39" M25 
  "\x24\x52\x27\x9c\x07\x9c\x43\x5a" M27 
  "\x81\x10\xc7\x83\x05\x9c\x06\x9c\xc6\x8b\x22\x31\x20\x00\x66\x83\x05\x9c\x05\x9c\xc6\x8b\x01\x29" M7 
  M7 
  "\x00\x00\x20\x00\x41\x08\x41\x08\x4b\x4a\xef\x7b\x61\x10\x00\x00\x63\x00\x2c\x09\xaf\x09\xb0\x09\x8f\x09\x0b\x09\x44\x00\x64" 
  "\x00\x64\x00\x42\x00\xea\x00\x8f\x09\xb0\x09\xb0\x09\x6e\x09\xa7\x00\x00\x00\x00\x00\x28\x42\x52\x8c\x83\x10" M7 M7 M24 
  "\x44\x21\x92\x94\x55\xad\x96\xb5\x96\xb5\x96\xb5\x96\xb5\x96\xb5\x95\xad\x95\xad\x55\xad\x6d\x6b\x69\x4a\x75\xad\x75\xad\x0c" "\x63" M22 
  "\xaa\x52\x96\xb5\x55\xad\xcb\x5a\xcb\x5a\x55\xad\x96\xb5\x96\xb5\x96\xb5\x96\xb5\x96\xb5\x96\xb5\x96\xb5\x75\xad\x4d\x6b\x00" 
  "\x00\x82\x10\x71\x8c\x95\xad\xd2\x94\x00\x00\x00\x00\x04\x21\xd2\x94\x55\xad\x96\xb5\x96\xb5\x96\xb5\x96\xb5\x96\xb5\x96\xb5" "\x96\xb5\x55\xad\x28\x42" M7 M7 M27 
  "\x89\x7b\xc8\x83\x28\x6b" M7 
  "\x20\x08\x84\x31\x47\x6b\xc7\x73\xa7\x73\x87\x73\x45\x4a\x80\x10" M25 
  "\x20\x00\x87\x52\xa9\x73\x88\x73\x01\x19" M27 "\x61\x08\x08\x63\x87\x73\x88\x73\x86\x5a\x20\x00\x00\x00\xc5\x5a\x65\x73\x65\x73\xc4\x5a" M7 M7 
  "\x00\x00\x00\x00\x20\x00\x41\x08\x41\x08\x4b\x4a\xef\x7b\x61\x10\x00\x00\x63\x00\x2c\x09\xaf\x09\xb0\x09\x8f\x09\x0b\x09\x44" 
  "\x00\x64\x00\x64\x00\x42\x00\xea\x00\x8f\x09\xb0\x09\xb0\x09\x6e\x09\xa7\x00\x00\x00\x00\x00\x28\x42\x52\x8c\x83\x10" M7 M7 M22 
  "\x61\x08\xe7\x39\x4d\x6b\x4d\x6b\x4d\x6b\x4d\x6b\x4c\x63\x2c\x63\xeb\x5a\xe7\x39\x41\x08\xc3\x18\x89\x4a\x69\x4a\xa2\x10" M22 
  "\xa2\x10\x8a\x52\xeb\x5a\x86\x31\x00\x00\x86\x31\x89\x4a\xeb\x5a\x2c\x63\x2c\x63\x4d\x6b\x4d\x6b\xcb\x5a\xa6\x31\x61\x08\x00" "\x00\x20\x00\xe7\x39\xeb\x5a\xc6\x31" M27 
  "\x41\x08\xa6\x31\xcb\x5a\x0c\x63\x4d\x6b\x4d\x6b\x4d\x6b\x0b\x5b\x49\x4a\xe3\x18" M7 M7 M7 M7 M7 M7 M7 M19 
  "\x20\x00\x41\x08\x41\x08\x4b\x4a\xef\x7b\x61\x10\x00\x00\x63\x00\x2c\x09\x8f\x09\xb0\x09\x8f\x09\x0b\x09\x44\x00\x64\x00\x64" "\x00\x42\x00\xea\x00\x8f\x09\xb0\x09\xb0\x09\x6f\x09\xc7\x00\x00\x00\x00\x00\x28\x42\x52\x8c\x83\x10" M7 M7 M7 M7 M7 M7 M7 M7 M7 M7 M7 M7 M7 M25 
  "\x20\x00\x41\x08\x41\x08\x4b\x4a\xef\x7b\x61\x10\x00\x00\x63\x00\x2c\x09\x8f\x09\xb0\x09\x8f\x09\x0b\x09\x44\x00\x64\x00\x64" "\x00\x42\x00\xea\x00\x8f\x09\xb0\x09\xb0\x09\x6f\x09\xc7\x00\x00\x00\x00\x00\x28\x42\x52\x8c\x83\x10" M7 M7 M7 M7 M7 M7 M7 M7 M7 M7 M7 M7 M7 M25 
  "\x20\x00\x41\x08\x41\x08\x4b\x4a\xef\x7b\x61\x10\x00\x00\x63\x00\x2c\x09\x8f\x09\xb0\x09\x8f\x09\x0b\x09\x44\x00\x64\x00\x63" "\x00\x22\x00\xea\x00\x8f\x09\xb0\x09\xb0\x09\x6e\x09\xc7\x00\x00\x00\x00\x00\x28\x42\x52\x8c\x83\x10" M7 M7 M7 M7 M7 M7 M7 M7 M7 M7 M7 M7 M7 M25 
  "\x20\x00\x41\x08\x41\x08\x4b\x4a\xef\x7b\x61\x10\x00\x00\x63\x00\x2c\x09\x8f\x09\xb0\x09\x8f\x09\x0b\x09\x44\x00\x64\x00\x63" "\x00\x22\x00\xea\x00\x6e\x09\xb0\x09\x90\x09\x6e\x09\xc7\x00\x00\x00\x00\x00\x28\x42\x52\x8c\x83\x10" M7 M7 M7 M7 M7 M7 M7 M7 M7 M7 M7 M7 M7 M25 
  "\x20\x00\x41\x08\x41\x08\x4b\x4a\xef\x7b\x61\x10\x00\x00\x63\x00\x2c\x09\x8f\x09\xb0\x09\x6f\x09\x0b\x09\x44\x00\x64\x00\x63" "\x00\x22\x00\xea\x00\x6e\x09\x8f\x09\x8f\x09\x6e\x09\xc7\x00\x00\x00\x00\x00\x28\x42\x52\x8c\x83\x10" M7 M7 M7 M7 M7 M7 M7 M7 M7 M7 M7 M7 M7 M25 
  "\x20\x00\x41\x08\x41\x08\x4b\x4a\xef\x7b\x61\x10\x00\x00\x63\x00\x2c\x09\x8f\x09\x8f\x09\x6f\x09\x0b\x09\x44\x00\x64\x00\x63" "\x00\x22\x00\xea\x00\x6e\x09\x8f\x09\x8f\x09\x6e\x09\xc7\x00\x00\x00\x00\x00\x28\x42\x52\x8c\x83\x10" M7 M7 M7 M7 M7 M7 M7 M7 M7 M7 M7 M7 M7 M25 
  "\x20\x00\x41\x08\x41\x08\x4b\x4a\xef\x7b\x61\x10\x00\x00\x63\x00\x2c\x09\x8f\x09\x8f\x09\x6f\x09\x0b\x09\x44\x00\x63\x00\x63" "\x00\x22\x00\xea\x00\x6e\x09\x8f\x09\x8f\x09\x6e\x09\xa7\x00\x00\x00\x00\x00\x28\x42\x52\x8c\x83\x10" M7 M7 M7 M7 M7 M7 M7 M7 M7 M7 M7 M7 M7 M25 
  "\x20\x00\x41\x08\x41\x08\x4b\x4a\xef\x7b\x61\x10\x00\x00\x63\x00\x2c\x09\x8f\x09\x8f\x09\x6f\x09\x0b\x09\x44\x00\x63\x00\x63" "\x00\x22\x00\xe9\x00\x6e\x09\x8f\x09\x8f\x09\x6e\x09\xa7\x00\x00\x00\x00\x00\x28\x42\x52\x8c\x83\x10" M19 
  "\x01\x00\x43\x00\x44\x00\x43\x00\x43\x00\x43\x00\x43\x00\x43\x00\x43\x00\x43\x00\x43\x00\x43\x00\x43\x00\x43\x00\x43\x00\x43" 
  "\x00\x43\x00\x43\x00\x43\x00\x43\x00\x23\x00\x23\x00\x23\x00\x43\x00\x43\x00\x43\x00\x43\x00\x43\x00\x43\x00\x23\x00\x23\x00" 
  "\x23\x00\x23\x00\x23\x00\x23\x00\x22\x00\x22\x00\x23\x00\x23\x00\x23\x00\x23\x00\x23\x00\x23\x00\x23\x00\x22\x00\x22\x00\x22" 
  "\x00\x22\x00\x22\x00\x22\x00\x22\x00\x22\x00\x22\x00\x42\x00\x42\x00\x22\x00\x22\x00\x22\x00\x23\x00\x23\x00\x23\x00\x23\x00" 
  "\x23\x00\x23\x00\x22\x00\x22\x00\x21\x00\x21\x00\x21\x00\x21\x00\x21\x00\x21\x00\x22\x00\x22\x00\x23\x00\x23\x00\x23\x00\x23" 
  "\x00\x23\x00\x23\x00\x23\x00\x23\x00\x43\x00\x43\x00\x43\x00\x43\x00\x43\x00\x43\x00\x23\x00\x23\x00\x23\x00\x23\x00\x23\x00" 
  "\x23\x00\x23\x00\x22\x00\x22\x00\x22\x00\x22\x00\x22\x00\x22\x00\x22\x00\x22\x00\x22\x00\x21\x00\x21\x00\x21\x00\x21\x00\x21" 
  "\x00\x21\x00\x21\x00\x21\x00\x21\x00\x21\x00\x21\x00\x21\x00\x01\x00\x01\x00\x01\x00\x01\x00\x01\x00\x01\x00\x01\x00\x01\x00" "\x01\x00\x01\x00\x01" M27 
  "\x00\x01\x00\x01\x00\x01\x00\x01\x00\x01\x00\x01\x00\x01\x00\x01\x00\x01\x00\x01\x00\x21\x00\x21\x00\x21\x00\x21\x00\x21\x00" 
  "\x21\x00\x21\x00\x21\x00\x21\x00\x22\x00\x22\x00\x22\x00\x21\x00\x21\x00\x21\x00\x21\x00\x21\x00\x21\x00\x22\x00\x22\x00\x22" 
  "\x00\x22\x00\x22\x00\x22\x00\x22\x00\x22\x00\x22\x00\x22\x00\x22\x00\x22\x00\x22\x00\x22\x00\x22\x00\x22\x00\x22\x00\x21\x00" 
  "\x21\x00\x21\x00\x21\x00\x21\x00\x21\x00\x21\x00\x21\x00\x21\x00\x21\x00\x21\x00\x21\x00\x21\x00\x21\x00\x22\x00\x22\x00\x22" "\x00\x22\x00\x22\x00\x22\x00\x42\x00\x42\x00\x42\x00\x01" M24 "\x00\x20\x00\x41\x08\x41\x08\x4b\x4a\xef\x7b\x61\x10\x00\x00\x63\x00\x2c\x09\x8f\x09\x8f\x09\x6f\x09\x0b\x09\x44\x00\x63\x00" 
  "\x63\x00\x22\x00\xe9\x00\x6e\x09\x8f\x09\x8f\x09\x6e\x09\xa7\x00\x00\x00\x00\x00\x28\x42\x52\x8c\x83\x10" M19 
  "\x85\x00\x6d\x09\x8e\x09\x8e\x09\x8e\x09\x6e\x01\x6d\x01\x6d\x01\x4d\x09\x4d\x09\x4d\x09\x4d\x09\x4d\x09\x4d\x09\x4d\x09\x4d" 
  "\x09\x2d\x09\x2d\x09\x2d\x09\x2c\x09\x2c\x09\x2c\x01\x2c\x01\x2c\x01\x2d\x01\x2d\x01\x2d\x01\x2d\x01\x2d\x01\x2d\x01\x2d\x01" 
  "\x2d\x01\x2d\x01\x2d\x01\x2c\x01\x2c\x01\x2c\x01\x2c\x09\x2c\x09\x2c\x09\x2c\x09\x2c\x09\x2c\x09\x2c\x09\x2c\x09\x2c\x01\x2c" 
  "\x01\x2c\x01\x2c\x09\x2c\x09\x2c\x01\x2c\x01\x2c\x01\x2c\x01\x2c\x01\x2c\x01\x2c\x01\x2c\x01\x0c\x01\x0c\x09\x0d\x09\x0d\x09" 
  "\x0d\x09\x0d\x09\x0d\x09\x0d\x09\x0d\x09\x0e\x09\x0e\x09\x0e\x09\x0d\x09\x0d\x09\x0d\x09\x0d\x09\x0d\x09\x0d\x09\x0d\x09\x0d" 
  "\x09\x0c\x09\x0c\x01\x0c\x01\x0c\x01\x0c\x01\x0c\x01\x0c\x01\x2c\x01\x0c\x01\x0c\x01\x0c\x01\x0d\x01\x0d\x01\x0d\x09\x0d\x01" 
  "\x0d\x01\x0c\x01\x0c\x01\x0c\x01\x2c\x01\x2c\x01\x2d\x01\x2d\x01\x2d\x01\x2d\x01\x2d\x01\x2d\x01\x0d\x01\x0d\x01\x0d\x01\x0d" 
  "\x09\x0d\x01\x0d\x01\x0c\x01\x0c\x01\x0c\x01\x0c\x01\x0c\x09\x0c\x01\x0c\x01\x0c\x01\x0c\x01\x0c\x09\x0c\x09\x0c\x09\x0c\x09" 
  "\x0d\x09\x0d\x09\x0d\x09\xec\x08\xed\x08\x0d\x09\x0d\x09\x0d\x09\x0d\x09\x0d\x09\x0d\x09\x0d\x09\x0d\x09\x0d\x09\x0d\x09\x0d" "\x09\x0c\x09\x0c\x01\x2c\x01\x2c\x01\x2c\x01\x2c\x01\x2c\x01\x2c\x01\x2c\x01\x2c\x01\x2c\x09\x2c\x01\x2c\x01\x2c\x09\x2c\x09" 
  "\x2c\x09\x2c\x09\x2c\x09\x2c\x09\x2c\x09\x2c\x09\x2c\x09\x2c\x01\x2c\x01\x2c\x01\x2c\x01\x2d\x01\x2d\x01\x2d\x01\x2d\x01\x2d" 
  "\x01\x2d\x01\x2d\x01\x2d\x01\x2d\x01\x2d\x01\x2c\x01\x2c\x01\x2c\x09\x2c\x09\x2c\x09\x2d\x09\x2d\x09\x2d\x09\x2d\x09\x4d\x09" 
  "\x4d\x09\x4d\x09\x4d\x09\x4d\x09\x4e\x09\x6d\x09\x6d\x01\x6e\x01\x6e\x01\x8e\x09\x8e\x09\x8e\x09\x2a\x09\x42" M25 "\x00\x20\x00\x41\x08\x41\x08\x4b\x4a\xef\x7b\x61\x10\x00\x00\x63\x00\x2c\x09\x8f\x09\x8f\x09\x6f\x09\x0b\x09\x44\x00\x63\x00" 
  "\x63\x00\x22\x00\xe9\x00\x6e\x09\x8f\x09\x8f\x09\x6e\x09\xa7\x00\x00\x00\x00\x00\x28\x42\x52\x8c\x83\x10" M21 
  "\x01\x00\xc9\x00\xb0\x09\xb2\x01\xb2\x01\xb2\x01\xb2\x01\xb2\x01\xb2\x01\xb2\x01\x91\x01\x91\x01\x91\x01\x91\x01\x91\x01\x91" 
  "\x01\x91\x01\x91\x01\x71\x01\x71\x01\x70\x01\x70\x01\x70\x01\x70\x01\x70\x01\x70\x01\x70\x01\x70\x01\x70\x01\x70\x01\x70\x01" 
  "\x70\x01\x70\x01\x70\x01\x70\x01\x70\x01\x70\x01\x70\x01\x50\x01\x50\x01\x50\x01\x50\x01\x70\x01\x70\x01\x70\x01\x50\x01\x50" 
  "\x01\x50\x01\x50\x01\x50\x01\x50\x01\x50\x01\x50\x01\x50\x01\x50\x01\x50\x01\x50\x01\x50\x01\x50\x01\x50\x01\x50\x01\x50\x01" 
  "\x50\x01\x50\x01\x50\x01\x50\x01\x50\x01\x50\x01\x50\x01\x50\x01\x50\x01\x50\x01\x50\x01\x50\x01\x50\x01\x50\x01\x50\x01\x70" 
  "\x01\x70\x01\x70\x01\x50\x01\x50\x01\x50\x01\x50\x01\x50\x01\x50\x01\x50\x01\x50\x01\x50\x01\x50\x01\x50\x01\x50\x01\x50\x01" 
  "\x50\x01\x50\x01\x50\x01\x70\x01\x70\x01\x70\x01\x70\x01\x70\x01\x70\x01\x70\x01\x50\x01\x50\x01\x50\x01\x50\x01\x50\x01\x50" "\x01\x50\x01\x50\x01\x50\x01\x50\x01\x50\x01\x50\x01\x50\x01\x50\x01\x50\x01\x50\x01\x50\x01\x50\x01\x70\x01\x70\x01\x70\x01" 
  "\x70\x01\x70\x01\x70\x01\x50\x01\x50\x01\x50\x01\x50\x01\x50\x01\x50\x01\x50\x01\x50\x01\x50\x01\x50\x01\x70\x01\x70\x01\x70" 
  "\x01\x50\x01\x50\x01\x50\x01\x50\x01\x50\x01\x50\x01\x50\x01\x50\x01\x50\x01\x50\x01\x50\x01\x50\x01\x50\x01\x50\x01\x50\x01" 
  "\x50\x01\x50\x01\x70\x01\x70\x01\x50\x01\x50\x01\x50\x01\x50\x01\x50\x01\x70\x01\x70\x01\x70\x01\x70\x01\x70\x01\x70\x01\x70" 
  "\x01\x70\x01\x70\x01\x70\x01\x70\x01\x70\x01\x70\x01\x70\x01\x70\x01\x70\x01\x70\x01\x71\x01\x71\x01\x71\x01\x91\x01\x91\x01" 
  "\x91\x01\x91\x01\x91\x01\x91\x01\x91\x01\x92\x01\xb2\x01\xb2\x01\xb2\x01\xb2\x01\xb2\x01\xb2\x01\xb2\x01\x6f\x09\x85" M25 "\x00\x20\x00\x41\x08\x41\x08\x4b\x4a\xef\x7b\x61\x10\x00\x00\x43\x00\x2c\x09\x8f\x09\x8f\x09\x6f\x09\x0b\x09\x44\x00\x63\x00" 
  "\x43\x00\x22\x00\xe9\x00\x6e\x09\x8f\x09\x8f\x09\x6e\x09\xa6\x00\x00\x00\x00\x00\x28\x4a\x52\x8c\x83\x10" M21 
  "\x22\x00\x2b\x09\xb0\x09\xb2\x01\xb2\x01\xb2\x01\xb2\x01\xb1\x01\xb1\x01\x91\x01\x71\x01\x71\x01\x71\x01\x71\x01\x71\x01\x91" 
  "\x01\x71\x01\x71\x01\x71\x01\x70\x01\x70\x01\x70\x01\x70\x01\x70\x01\x70\x01\x70\x01\x70\x01\x70\x01\x70\x01\x70\x01\x70\x01" 
  "\x50\x01\x50\x01\x50\x01\x50\x01\x70\x01\x70\x01\x70\x01\x70\x01\x50\x01\x50\x01\x50\x01\x50\x01\x50\x01\x50\x01\x50\x01\x50" 
  "\x01\x50\x01\x50\x01\x50\x01\x50\x01\x50\x01\x50\x01\x50\x01\x50\x01\x50\x01\x50\x01\x50\x01\x50\x01\x50\x01\x50\x01\x50\x01" 
  "\x50\x01\x50\x01\x50\x01\x50\x01\x50\x01\x50\x01\x50\x01\x50\x01\x50\x01\x50\x01\x50\x01\x50\x01\x50\x01\x50\x01\x50\x01\x50" 
  "\x01\x50\x01\x50\x01\x50\x01\x50\x01\x50\x01\x50\x01\x50\x01\x50\x01\x50\x01\x50\x01\x50\x01\x50\x01\x50\x01\x50\x01\x50\x01" 
  "\x50\x01\x50\x01\x50\x01\x50\x01\x50\x01\x50\x01\x50\x01\x50\x01\x50\x01\x50\x01\x50\x01\x50\x01\x50\x01\x50\x01\x50\x01\x50" "\x01\x50\x01\x50\x01\x50\x01\x50\x01\x50\x01\x50\x01\x50\x01\x50\x01\x50\x01\x50\x01\x50\x01\x50\x01\x50\x01\x50\x01\x50\x01" 
  "\x50\x01\x50\x01\x50\x01\x50\x01\x50\x01\x50\x01\x50\x01\x50\x01\x50\x01\x50\x01\x50\x01\x50\x01\x50\x01\x50\x01\x50\x01\x50" 
  "\x01\x50\x01\x50\x01\x50\x01\x50\x01\x50\x01\x50\x01\x50\x01\x50\x01\x50\x01\x50\x01\x50\x01\x50\x01\x50\x01\x50\x01\x50\x01" 
  "\x50\x01\x50\x01\x50\x01\x50\x01\x50\x01\x50\x01\x50\x01\x70\x01\x70\x01\x70\x01\x70\x01\x70\x01\x50\x01\x50\x01\x50\x01\x50" 
  "\x01\x70\x01\x70\x01\x70\x01\x70\x01\x70\x01\x70\x01\x70\x01\x70\x01\x70\x01\x70\x01\x70\x01\x70\x01\x71\x01\x71\x01\x71\x01" 
  "\x71\x01\x71\x01\x71\x01\x71\x01\x71\x01\x71\x01\x91\x01\xb1\x01\xb1\x01\xb1\x01\xb2\x01\xb2\x01\xb1\x01\x90\x09\xe9\x08" M25 
  "\x20\x00\x41\x08\x41\x08\x4b\x4a\xef\x7b\x61\x10\x00\x00\x43\x00\x2b\x09\x8f\x09\x8f\x09\x6f\x09\x0b\x09\x44\x00\x43\x00\x43" "\x00\x22\x00\xe9\x00\x6e\x09\x8f\x09\x8f\x09\x4e\x09\xa6\x00\x00\x00\x00\x00\x28\x4a\x52\x8c\x83\x10" M21 
  "\x42\x00\x0a\x09\x4d\x09\x4d\x01\x4e\x01\x4e\x01\x2e\x01\x2e\x01\x2d\x01\x2d\x01\x2d\x01\x2d\x01\x2d\x01\x2d\x01\x2d\x01\x2d" 
  "\x01\x2d\x01\x2d\x01\x2d\x01\x2d\x01\x2d\x01\x2d\x01\x0d\x01\x0d\x01\x0d\x01\x0c\x01\x2c\x01\x2d\x01\x2d\x01\x2d\x01\x2d\x01" 
  "\x0c\x01\x0c\x01\x0c\x01\x0c\x01\x0d\x01\x0d\x01\x2d\x01\x2d\x01\x2c\x01\x2c\x01\x2c\x01\x2c\x01\x2c\x01\x2c\x01\x0c\x01\x0c" 
  "\x01\x0c\x01\x0c\x01\x0c\x09\x0c\x09\x0c\x09\x0c\x01\x0c\x09\x0c\x01\x0c\x01\x0c\x01\x0c\x01\x0c\x01\x0c\x01\x0c\x01\x0c\x01" 
  "\x0c\x01\x0c\x01\x0c\x01\x0c\x01\x0d\x09\x0d\x09\x0d\x09\x0d\x09\x0e\x09\x0e\x09\x0d\x09\x0d\x09\x0d\x09\x0c\x09\x0c\x09\x0c" 
  "\x09\x0c\x09\x0c\x09\x0c\x09\x0c\x01\x0d\x01\x0d\x01\x0d\x01\x0d\x09\x0d\x09\x0d\x09\x0c\x09\x0c\x09\x0c\x01\x0c\x01\x0c\x01" 
  "\x0c\x01\x0c\x01\xec\x00\xec\x00\xec\x00\xec\x00\xec\x00\xec\x00\xec\x00\x0c\x01\x0c\x01\x0c\x01\x0c\x01\x0c\x01\x0c\x01\x0c" "\x01\x0c\x01\x0c\x01\x0c\x01\x0c\x09\x0c\x09\x0d\x09\x0d\x09\x0d\x09\x0d\x09\x0c\x01\x0c\x01\x0c\x09\x0c\x09\xec\x08\xec\x08" 
  "\xeb\x08\xeb\x08\xeb\x08\xec\x08\xec\x08\xed\x08\xed\x08\xed\x08\xcd\x08\xcc\x08\xec\x08\x0c\x01\x0c\x01\x0c\x01\x0c\x01\x0c" 
  "\x01\x0c\x01\x0c\x01\x0c\x01\x0c\x01\x0c\x01\x0c\x01\x0c\x01\x0c\x09\x0c\x09\x0c\x01\x0c\x09\x0c\x09\x0c\x09\x0c\x01\x0c\x01" 
  "\x0c\x01\x0c\x01\x2c\x01\x2c\x01\x2c\x01\x2c\x01\x2c\x01\x2d\x01\x2d\x01\x2d\x01\x0d\x01\x0c\x01\x0c\x01\x0c\x01\x0c\x01\x0d" 
  "\x01\x2d\x01\x2d\x01\x2d\x01\x2d\x01\x2d\x01\x2d\x01\x0d\x01\x0d\x01\x0d\x01\x2d\x01\x2d\x01\x2d\x01\x2d\x01\x2d\x01\x2d\x01" 
  "\x2d\x01\x2d\x01\x2d\x01\x2d\x01\x0c\x01\x2c\x01\x2c\x01\x2d\x01\x2d\x01\x2d\x01\x2d\x01\x2d\x01\x4d\x01\x2c\x09\xe8\x08" M25 
  "\x20\x00\x41\x08\x41\x08\x4b\x4a\xef\x7b\x61\x10\x00\x00\x43\x00\x2b\x09\x8f\x09\x8f\x09\x6f\x09\x0b\x09\x44\x00\x43\x00\x43" "\x00\x22\x00\xe9\x00\x6e\x09\x8f\x09\x8f\x09\x4e\x09\xa6\x00\x00\x00\x00\x00\x28\x4a\x52\x8c\x83\x10" M16 
  "\x21\x00\x21\x00\x21\x00\x21\x00\x01\x00\x01\x00\x01\x00\x01\x00\x01\x00\x01\x00\x01\x00\x21\x00\x21\x00\x21\x00\x21\x00\x21" 
  "\x00\x21\x00\x21\x00\x21\x00\x21\x00\x21\x00\x21\x00\x21\x00\x21\x00\x21\x00\x22\x00\x22\x00\x22\x00\x22\x00\x22\x00\x22\x00" 
  "\x22\x00\x22\x00\x22\x00\x22\x00\x22\x00\x22\x00\x22\x00\x22\x00\x22\x00\x22\x00\x22\x00\x02\x00\x01\x00\x01\x00\x01\x00\x02" 
  "\x00\x22\x00\x22\x00\x23\x00\x23\x00\x23\x00\x23\x00\x23\x00\x23\x00\x22\x00\x22\x00\x22\x00\x22\x00\x22\x00\x22\x00\x22\x00" 
  "\x22\x00\x22\x00\x22\x00\x22\x00\x22\x00\x22\x00\x22\x00\x22\x00\x22\x00\x22\x00\x02\x00\x22\x00\x22\x00\x22\x00\x22\x00\x22" 
  "\x00\x22\x00\x22\x00\x23\x00\x23\x00\x23\x00\x23\x00\x22\x00\x22\x00\x22\x00\x22\x00\x22\x00\x22\x00\x22\x00\x22\x00\x22\x00" 
  "\x22\x00\x22\x00\x22\x00\x22\x00\x22\x00\x22\x00\x22\x00\x22\x00\x22\x00\x22\x00\x22\x00\x21\x00\x21\x00\x21\x00\x21\x00\x21" "\x00\x21\x00\x21\x00\x21\x00\x21\x00\x21\x00\x21\x00\x01\x00\x01\x00\x01\x00\x01\x00\x01" M13 
  "\x00\x01\x00\x01\x00\x01\x00\x01\x00\x01\x00\x01\x00\x01\x00\x01\x00\x01\x00\x01\x00\x01\x00\x22\x00\x22\x00\x22\x00\x02\x00" 
  "\x02\x00\x01\x00\x01\x00\x01\x00\x01\x00\x01\x00\x02\x00\x22\x00\x22\x00\x22\x00\x22\x00\x22\x00\x22\x00\x22\x00\x22\x00\x22" 
  "\x00\x22\x00\x22\x00\x22\x00\x22\x00\x22\x00\x22\x00\x22\x00\x21\x00\x21\x00\x21\x00\x21\x00\x21\x00\x21\x00\x21\x00\x21\x00" 
  "\x01\x00\x01\x00\x01\x00\x01\x00\x01\x00\x01\x00\x01\x00\x01" M7 "\x00\x20\x00\x41\x08\x41\x08\x4b\x4a\xef\x7b\x61\x10\x00\x00\x43\x00\x0b\x01\x8f\x09\x8f\x09\x6f\x09\x0b\x09\x44\x00\x43\x00" 
  "\x43\x00\x22\x00\xe9\x00\x4e\x09\x6f\x09\x8f\x09\x4e\x09\xa6\x00\x00\x00\x00\x00\x28\x4a\x52\x8c\x83\x10" M7 M7 M7 M7 M7 M7 M7 M7 M7 M7 M7 M7 M7 M25 
  "\x20\x00\x41\x08\x41\x08\x4b\x4a\xef\x7b\x61\x10\x00\x00\x43\x00\x0b\x01\x6f\x09\x8f\x09\x4f\x09\xeb\x08\x44\x00\x43\x00\x43" "\x00\x22\x00\xe9\x00\x4e\x09\x6f\x09\x6f\x09\x4e\x09\xa6\x00\x00\x00\x00\x00\x28\x4a\x52\x8c\x83\x10" M7 M7 M7 M7 M7 M7 M7 M7 M7 M7 M7 M7 M7 M25 
  "\x20\x00\x41\x08\x41\x08\x4b\x4a\xef\x7b\x61\x10\x00\x00\x43\x00\x0b\x01\x6f\x09\x8f\x09\x4f\x09\xeb\x08\x44\x00\x43\x00\x43" "\x00\x22\x00\xe9\x00\x4e\x09\x6f\x09\x6f\x09\x4e\x09\xa6\x00\x00\x00\x00\x00\x28\x4a\x52\x8c\x83\x10" M7 M7 M7 M7 M7 M7 M7 M7 M7 M7 M7 M7 M7 M25 
  "\x20\x00\x41\x08\x41\x08\x4b\x4a\xef\x7b\x61\x10\x00\x00\x43\x00\x0b\x01\x6f\x09\x6f\x09\x4f\x09\xeb\x08\x44\x00\x43\x00\x42" "\x00\x22\x00\xc9\x00\x4e\x09\x6f\x09\x6f\x09\x4e\x09\xa6\x00\x00\x00\x00\x00\x28\x4a\x52\x8c\x83\x10" M7 M7 M7 M7 M7 M7 M7 M7 M7 M7 M7 M7 M7 M25 
  "\x20\x00\x41\x08\x41\x08\x4b\x4a\xef\x7b\x61\x10\x00\x00\x43\x00\x0b\x01\x6f\x09\x6f\x09\x4f\x09\xeb\x08\x44\x00\x43\x00\x42" "\x00\x22\x00\xc9\x00\x4e\x09\x6f\x09\x6f\x09\x4e\x09\xa6\x00\x00\x00\x00\x00\x28\x42\x52\x8c\x83\x10" M7 M7 M7 M7 M7 M7 M7 M7 M7 M7 M7 M7 M7 M25 
  "\x20\x00\x41\x08\x41\x08\x4b\x4a\xef\x7b\x61\x10\x00\x00\x42\x00\x0b\x01\x6f\x09\x6f\x09\x4f\x09\xeb\x08\x44\x00\x43\x00\x42" "\x00\x22\x00\xc9\x00\x4e\x09\x6f\x09\x6f\x09\x4e\x09\xa6\x00\x00\x00\x00\x00\x28\x42\x52\x8c\x83\x10" M7 M7 M7 M7 M7 
  "\x81\x10\x65\x5a\xa6\x62\xa1\x18\x00\x00\x00\x00\x43\x29\xc5\x39" M24 
  "\x81\x10\x25\x52\x85\x52\xa1\x10\x00\x00\x00\x00\xc2\x20\xa5\x6a\x85\x62\x44\x52\x24\x4a\x01\x21\x00\x00\x80\x10\xc4\x62\xa6" "\x62\x81\x10\x00\x00\x43\x31\xa4\x62\x42\x52" M22 
  "\x02\x21\xa6\x62\x25\x6b\x05\x6b\x04\x4a\x40\x08\x40\x08\xc4\x41\xa1\x10\x00\x00\x00\x00\x63\x31\x85\x39\x00\x00\x81\x10\x63" 
  "\x62\x64\x62\x64\x62\x24\x4a\xe1\x20\x00\x00\x20\x00\xe3\x49\xc4\x6a\x05\x73\xe5\x6a\x44\x52\x81\x10\x00\x00\x42\x29\x03\x42" 
  "\xe3\x41\x60\x08\x00\x00\xc5\x41\xa1\x18\x00\x00\x22\x29\xa4\x62\xe4\x72\xe4\x72\xc5\x62\x21\x29\x00\x00\x60\x10\xe3\x41\x05" 
  "\x6b\x25\x6b\xe5\x62\xe4\x49\x20\x08\x20\x08\xa3\x39\x02\x42\x23\x4a\x23\x4a\xa3\x39\x20\x00\x00\x00\x00\x00\xc1\x18\x65\x52" 
  "\x24\x42\x60\x08\x00\x00\x00\x00\xe1\x20\x64\x5a\x24\x4a\x44\x52\x24\x52\xa1\x18\x00\x00\x67\x52\x02\x21\x00\x00\x00\x00\x43" "\x29\x25\x42" M12 
  "\x20\x00\x41\x08\x41\x08\x4b\x4a\xef\x7b\x61\x10\x00\x00\x42\x00\x0b\x01\x6f\x09\x6f\x09\x4e\x09\xeb\x08\x44\x00\x43\x00\x42" "\x00\x22\x00\xc9\x00\x4e\x09\x6f\x09\x6f\x09\x4e\x09\xa6\x00\x00\x00\x00\x00\x28\x42\x52\x8c\x83\x10" M7 M7 M7 M7 M7 
  "\x85\x5a\xc7\x8b\x08\x94\x24\x52\x00\x00\x00\x00\xc7\x5a\x6a\x6b" M24 
  "\x04\x4a\xc7\x83\x07\x8c\x45\x4a\x00\x00\x00\x00\x04\x4a\xc6\x93\x23\x7b\x03\x73\x27\x8c\x25\x6b\x00\x00\x41\x29\x25\x8c\x27" 
  "\x94\xa3\x41\x20\x08\xe5\x6a\x26\x94\xa4\x7b\x60\x08" M24 
  "\x89\x73\x65\x73\x82\x52\xe3\x62\x09\x8c\x62\x31\x80\x10\x46\x73\x63\x31\x00\x00\x00\x00\x64\x5a\xa8\x5a\x00\x00\x63\x31\xc4" 
  "\x93\x65\x83\x65\x83\xc7\x8b\x87\x7b\x40\x08\x02\x21\x85\x83\x24\x73\xc3\x62\x03\x6b\x07\x8c\x03\x4a\x00\x00\xc5\x62\x47\x94" 
  "\xe6\x83\x21\x21\x40\x08\xa9\x7b\x83\x39\x20\x00\x05\x6b\x65\x7b\x43\x5a\x43\x5a\x45\x7b\x66\x7b\x60\x10\xa2\x41\xc6\x8b\xc3" 
  "\x62\x63\x52\xe5\x6a\xe9\x93\xc1\x20\x60\x10\xa7\x83\x86\x7b\x66\x73\xa6\x83\x07\x8c\xe1\x20\x00\x00\x00\x00\xa5\x62\xa5\x83" 
  "\xc6\x8b\x83\x39\x00\x00\x00\x00\xc3\x41\xe7\x8b\x46\x7b\x06\x73\x86\x83\xa4\x6a\x20\x00\xe9\x8b\x03\x52\x00\x00\x00\x00\x23" "\x52\x67\x7b\x40\x08" M13 
  "\x20\x00\x41\x08\x41\x08\x4b\x4a\xef\x7b\x61\x10\x00\x00\x42\x00\x0b\x01\x6f\x09\x6f\x09\x4e\x09\xeb\x08\x44\x00\x43\x00\x42" "\x00\x22\x00\xc9\x00\x4d\x09\x6f\x09\x6f\x09\x4e\x09\xa6\x00\x00\x00\x00\x00\x28\x42\x52\x8c\x83\x10" M7 M22 "\x00\x10\x42\x38\x63\x58\x21\x28" M25 
  "\x65\x29\x04\x21\x00\x00\x00\x00\x41\x08\x08\x42\x41\x08\x8a\x52\x4d\x6b\x4d\x6b\x4d\x6b\x49\x4a\x41\x08\xe7\x39\x41\x08\x00" 
  "\x00\x00\x00\xa2\x10\x24\x21\x49\x4a\x4c\x63\xae\x73\x4c\x63\xaa\x52\x20" M7 M19 
  "\x00\x60\x08\xa8\x83\x44\x5a\xe6\x72\x46\x73\x20\x00\x00\x00\xe5\x62\x27\x6b" M25 
  "\x40\x10\x69\x83\x64\x5a\xa3\x5a\x66\x73\x00\x00\x00\x00\x45\x4a\x04\x7b\xa0\x20\x60\x10\x23\x6b\x44\x73\x00\x00\xc1\x18\xe6" 
  "\x8b\x86\x83\x86\x62\x40\x10\x46\x7b\x44\x7b\x66\x7b\x40\x08" M24 
  "\xe8\x83\x03\x4a\x00\x00\x20\x00\x86\x52\xa1\x10\x81\x10\x45\x7b\x03\x52\x80\x10\xa0\x18\x25\x73\xa5\x5a\x00\x00\xc3\x41\xa6" 
  "\x93\xe1\x28\x41\x10\x23\x5a\x08\x8c\xa0\x10\xa4\x41\x86\x83\xe1\x20\x00\x00\x80\x10\x05\x6b\x63\x52\x00\x00\xa5\x62\xa5\x83" 
  "\xa4\x7b\x44\x52\x20\x00\xa7\x7b\x41\x29\x40\x08\x66\x7b\x23\x52\x40\x08\x20\x08\x02\x4a\xa7\x83\x81\x18\x03\x4a\x85\x83\xa0" 
  "\x18\x20\x00\x80\x18\xe3\x51\x60\x10\x60\x10\x87\x83\x02\x4a\x40\x08\x60\x31\xc7\x8b\x02\x29\x00\x00\x60\x10\x47\x7b\xc2\x49" 
  "\xc4\x6a\xa4\x62\x40\x08\x00\x00\xe5\x49\x26\x7b\x01\x31\xa0\x28\xc4\x6a\x06\x7b\x20\x08\x86\x83\x42\x5a\xc1\x18\xc1\x18\xc4" "\x62\x47\x7b\x40\x08" M13 
  "\x20\x00\x41\x08\x41\x08\x4b\x4a\xef\x7b\x61\x10\x00\x00\x42\x00\x0b\x01\x6f\x09\x6f\x09\x4e\x09\xea\x08\x44\x00\x42\x00\x42" "\x00\x22\x00\xc9\x00\x4d\x09\x6f\x09\x6f\x09\x4e\x09\xa6\x00\x00\x00\x00\x00\x28\x42\x52\x8c\x83\x10" M7 M27 
  "\x41\x20\x82\x50\xa4\x70\xa4\x80\xa4\x80\xa4\x80\x63\x50" M25 
  "\x8a\x52\xc7\x39\x00\x00\x00\x00\x61\x08\xef\x7b\xe3\x18\x50\x84\x86\x31\x24\x21\x86\x31\x2c\x63\x24\x21\xcf\x7b\x24\x21\x41" 
  "\x08\x00\x00\x8a\x52\xc7\x39\xa2\x10\xc7\x39\x71\x8c\xc7\x39\x04\x21" M7 M18 
  "\xe1\x20\xe8\x8b\x62\x41\xe3\x59\xa5\x83\x80\x10\x00\x00\xe5\x6a\x26\x73\x20" M27 
  "\x00\x01\x29\x87\x8b\xe1\x28\x02\x4a\xe6\x8b\x81\x10\x00\x00\x45\x4a\xa5\x8b\x64\x5a\x43\x52\xa3\x7b\x23\x6b\x00\x00\xe1\x20" 
  "\xc6\x8b\x62\x62\x26\x7b\x81\x41\x87\x83\x41\x5a\x66\x7b\x40\x08" M24 "\xe7\x83\xc4\x41" M25 
  "\xa1\x18\x86\x83\xc5\x83\xa7\x7b\xa7\x83\x06\x94\xa4\x5a\x00\x00\xc3\x41\x65\x83\x62\x5a\x44\x5a\x45\x7b\x67\x7b\x20\x08\xc4" 
  "\x49\x86\x83\xa1\x18\x02\x00\x20\x00\xa5\x5a\x84\x52\x00\x00\xa5\x62\xe4\x72\x43\x52\x67\x7b\xc0\x20\xc6\x83\x62\x31\x40\x08" 
  "\x46\x7b\xa2\x41\x00\x00\x00\x00\xe3\x49\xa7\x83\x80\x10\x24\x52\xa6\x83\x80\x10\x85\x31\x64\x52\x63\x5a\x40\x08\x60\x10\x86" 
  "\x83\x43\x73\x62\x52\xc2\x62\xc6\x8b\xc1\x20\x00\x00\x63\x39\x66\x7b\xa0\x18\xe2\x51\x85\x7b\xc1\x18\x00\x00\x25\x52\x86\x8b" 
  "\x22\x5a\x23\x5a\x85\x83\xc4\x6a\x20\x00\xe6\x93\xe4\x93\xa6\x7b\xa7\x83\x26\x94\x67\x7b\x40\x08" M13 
  "\x20\x00\x41\x08\x41\x08\x4b\x4a\xef\x7b\x61\x10\x00\x00\x42\x00\x0b\x01\x6f\x09\x6f\x09\x4e\x01\xea\x08\x44\x00\x42\x00\x42" "\x00\x22\x00\xc9\x00\x4d\x09\x4f\x09\x6f\x09\x2e\x09\xa6\x00\x00\x00\x00\x00\x28\x42\x52\x8c\x83\x10" M7 
  "\x21\x08\xc4\x50\xc5\x70\xa5\x80\xa5\x80\xa5\x80\xa5\x80\xa4\x80\xa5\x80\x63\x50" M25 
  "\x8a\x52\xa6\x31\x00\x00\x00\x00\x81\x08\xef\x7b\x24\x21\x2c\x63\x20\x00\x69\x4a\x4c\x63\x4d\x6b\x04\x21\x71\x8c\xef\x7b\x4d" 
  "\x6b\x6d\x6b\x71\x8c\xa6\x31\x00\x00\x82\x10\x10\x84\xa2\x10" M7 M16 
  "\x44\x52\xe7\x93\x06\x7b\x67\x8b\x06\x94\x61\x31\x00\x00\xe5\x6a\x27\x7b\x20\x08" M27 
  "\x02\x4a\x26\x9c\x46\x73\x66\x7b\x46\x94\x82\x39\x00\x00\x65\x52\x05\x94\x25\x73\x67\x7b\xe4\x83\x03\x6b\x00\x00\x22\x29\x86" 
  "\x83\x01\x31\xa6\x8b\x43\x7b\x25\x7b\x41\x39\xa6\x83\x40\x08" M24 
  "\xe7\x83\x83\x39\x00\x00\x00\x00\x63\x29\x81\x10\xa1\x18\x66\x83\x82\x5a\x01\x21\x61\x31\x85\x83\xa4\x5a\x00\x00\xc3\x41\xe5" 
  "\x93\x44\x73\x05\x73\xc6\x8b\x67\x7b\x00\x00\xc3\x41\xa5\x83\xa0\x18\x01\x00\x40\x08\xc5\x62\x64\x52\x00\x00\xa5\x62\x06\x73" 
  "\xe1\x20\x46\x73\x61\x5a\xe5\x8b\x21\x29\x40\x08\x67\x7b\xa2\x41\x00\x00\x00\x00\xe3\x49\xa8\x83\x81\x10\x24\x52\x86\x83\xc0" 
  "\x18\x24\x4a\x44\x73\x27\x94\x41\x29\x60\x10\x85\x83\xc5\x83\x65\x73\xc6\x83\xe6\x8b\xc0\x20\x00\x00\x44\x52\x26\x8c\x24\x73" 
  "\x45\x7b\xe6\x93\x82\x39\x20\x00\x24\x52\xe5\x93\x85\x83\x66\x7b\x24\x6b\x41\x31\x20\x00\xc6\x8b\xe2\x72\xc2\x41\x81\x31\x45" "\x7b\x67\x7b\x40\x08" M13 
  "\x20\x00\x41\x08\x41\x08\x4b\x4a\xef\x7b\x61\x10\x00\x00\x42\x00\x0b\x01\x6f\x09\x6f\x09\x4e\x01\xea\x08\x44\x00\x42\x00\x42" "\x00\x22\x00\xc8\x00\x2d\x09\x4f\x09\x4f\x09\x2e\x09\xa6\x00\x00\x00\x00\x00\x28\x42\x52\x8c\x83\x10" M7 
  "\x00\x00\x21\x08\x62\x38\x62\x48\x63\x58\x84\x70\xa4\x78\xa5\x80\xa5\x80\x83\x48" M25 
  "\x8a\x52\x28\x42\x82\x10\x82\x10\x82\x10\xef\x7b\x04\x21\xcf\x7b\x04\x21\xc6\x31\xaa\x52\x71\x8c\x86\x31\xcf\x7b\xc3\x18\x41" 
  "\x08\x41\x08\x8a\x52\xc7\x39\x00\x00\x82\x10\x0f\x7c\x61\x08" M7 M16 
  "\x67\x7b\x25\x73\xa5\x6a\xe6\x72\xe6\x8b\x43\x4a\x00\x00\xe5\x6a\x86\x83\xa0\x18\x81\x10\x40\x08\x20\x00\x26\x73\x85\x83\xa5" 
  "\x62\xa5\x5a\xc5\x83\xa4\x62\x00\x00\x65\x52\x85\x83\x80\x10\x40\x08\x04\x6b\x24\x73\x00\x00\x01\x21\xc8\x8b\x81\x10\x65\x7b" 
  "\x05\x8c\x64\x5a\x02\x29\xa7\x83\x40\x08" M24 
  "\xe7\x83\x43\x5a\x60\x10\x01\x21\xe9\x8b\xa3\x39\xa1\x18\x45\x7b\x23\x31\x00\x00\x00\x00\x26\x73\x85\x5a\x00\x00\xe3\x49\xc6" 
  "\x8b\x80\x10\x20\x00\x23\x52\xc7\x83\x60\x08\xc4\x41\xa5\x83\xa0\x41\x80\x10\x40\x31\x65\x7b\x23\x4a\x00\x00\xa5\x62\x07\x73" 
  "\x20\x08\x83\x5a\xc4\x83\x05\x8c\x81\x39\x40\x08\x06\x73\x63\x62\x01\x31\x21\x31\xc4\x6a\x67\x7b\x60\x10\x04\x4a\xa7\x8b\xa1" 
  "\x41\x40\x31\x22\x52\x08\x94\xe1\x20\x80\x10\xc8\x8b\x82\x39\x20\x00\x01\x29\xa7\x8b\xe1\x20\x80\x10\x87\x83\x83\x7b\xa4\x62" 
  "\x05\x73\x06\x94\xc3\x62\x00\x00\xc4\x41\x25\x73\xc1\x18\x60\x08\x20\x08\x00\x00\x00\x00\xc9\x8b\xa2\x41\x00\x00\x00\x00\xa6" "\x62\x28\x73\x20" M13 "\x00\x20\x00\x41\x08\x41\x08\x4b\x4a\xef\x7b\x61\x10\x00\x00\x42\x00\x0b\x01\x4f\x09\x6f\x09\x2e\x01\xea\x08\x44\x00\x42\x00" 
  "\x42\x00\x22\x00\xc8\x00\x2d\x09\x4f\x09\x4f\x09\x2e\x09\x85\x00\x00\x00\x00\x00\x28\x42\x52\x8c\x83\x10" M7 M24 "\x00\x08\x21\x20\x42\x38\x42\x40\x21\x18" M25 
  "\x07\x3a\xcf\x7b\xce\x73\xae\x73\x65\x29\x08\x42\x20\x00\x4d\x6b\xef\x7b\xef\x7b\xef\x7b\x8a\x52\x81\x08\x69\x4a" M27 
  "\x24\x21\xe3\x18\x00\x00\x20\x00\x07\x3a" M7 M16 
  "\xe1\x18\xa8\x7b\xe1\x20\x20\x08\x40\x08\x64\x52\x06\x63\x60\x08\xa4\x62\x26\x8c\x85\x7b\xc8\x7b\x65\x4a\x80\x10\x88\x7b\x62" 
  "\x39\x00\x00\x00\x00\x23\x4a\x87\x7b\x00\x00\xe4\x41\xe7\x6a\x00\x00\x00\x00\x64\x52\x07\x6b\x00\x00\x02\x21\x28\x73\x61\x10" "\xa4\x5a\x07\x84\xa3\x39\xe2\x20\x07\x6b" M22 
  "\x84\x5a\xa6\x83\x46\x73\x66\x7b\x67\x7b\x01\x29\xc1\x18\x46\x73\xe3\x20\x00\x00\x00\x00\xc7\x62\x66\x52\x00\x00\xa3\x41\x88" 
  "\x83\x20\x08\x00\x00\x62\x31\x86\x73\x80\x10\x81\x10\x04\x6b\xc6\x8b\x86\x83\xa6\x83\xc6\x83\x41\x29\x00\x00\xa5\x5a\xc8\x62" 
  "\x00\x00\x62\x31\xa7\x83\xc6\x83\x21\x29\x00\x00\x44\x52\xa6\x83\xc6\x83\xc7\x83\xc7\x8b\x84\x5a\x00\x00\x01\x29\x26\x7b\xc7" 
  "\x83\xc7\x83\xc6\x83\x26\x73\x60\x10\x60\x10\x88\x83\x62\x31\x00\x00\x60\x08\x68\x7b\x01\x21\x22\x29\xc9\x83\x41\x31\x00\x00" "\x40\x10\xc4\x6a\x86\x7b\x00\x00\xc4\x41\x07\x73\x60\x08" M25 
  "\xa8\x83\x81\x41\x00\x00\x00\x00\x44\x52\x27\x6b\x40\x08" M13 
  "\x20\x00\x41\x08\x41\x08\x4b\x4a\xef\x7b\x61\x10\x00\x00\x42\x00\x0b\x01\x4f\x09\x4f\x09\x2e\x01\xea\x08\x44\x00\x42\x00\x22" "\x00\x22\x00\xa8\x00\x2d\x09\x4f\x09\x4f\x09\x2e\x09\x85\x00\x00\x00\x00\x00\x28\x4a\x52\x8c\x83\x10" M7 M7 M7 M7 M9 "\xa1\x10" M27 
  "\x20\x00\x81\x10\x00\x00\x60\x10\xe1\x20\xe1\x20\xc1\x18\x81\x10\x00\x00\xa1\x18" M25 
  "\xa0\x18\x00\x00\x20\x00\x41\x08\x00\x00\x00\x00\x40\x08\x60\x10\x00\x00\x20\x00\x60\x08\x00\x00\x40\x08\xc1\x18\x20\x00\x00" "\x00\x81\x10" M21 "\xa0\x18\xc1\x18\xc0\x18\x40\x08\x00\x00\x00\x00\x80\x10" M27 
  "\x40\x08\x40\x08\x00\x00\x40\x08\xa1\x18\x00\x00\x00\x00\x20\x00\x80\x10\x00\x00\x00\x00\x20\x00\xe1\x20\xe1\x20\xc1\x18\x60" 
  "\x08\x00\x00\x00\x00\x40\x08\x61\x08\x00\x00\x00\x00\xa1\x18\xc1\x18\x20\x08\x00\x00\x20\x08\xc1\x18\xe1\x18\xe1\x18\xc1\x18" 
  "\x20\x00\x00\x00\x00\x00\x60\x10\xc1\x18\xe1\x18\xc0\x18\x20\x00\x00\x00\x00\x00\xa1\x18\x20\x00\x00\x00\x00\x00\x80\x10\x00" 
  "\x00\x20\x00\xe2\x18\x20\x00\x00\x00\x00\x00\x60\x10\xc1\x18\x00\x00\x20\x00\x60\x10" M24 
  "\xe1\x20\x20\x08\x00\x00\x00\x00\x60\x10\xa1\x10" M12 
  "\x20\x00\x41\x08\x41\x08\x4b\x4a\xef\x7b\x61\x10\x00\x00\x42\x00\xeb\x00\x4f\x09\x4f\x09\x2e\x01\xea\x08\x44\x00\x22\x00\x22" "\x00\x22\x00\xa8\x00\x2d\x09\x4f\x01\x4f\x09\x2e\x09\x85\x00\x00\x00\x00\x00\x28\x4a\x52\x8c\x83\x10" M7 M7 M7 M7 M7 M7 M7 M7 M7 M7 M7 M7 M7 M25 
  "\x20\x00\x41\x08\x41\x08\x4b\x4a\xef\x7b\x61\x10\x00\x00\x42\x00\xeb\x00\x4f\x09\x4f\x01\x2e\x01\xea\x08\x44\x00\x22\x00\x22" "\x00\x22\x00\xa8\x00\x2d\x09\x4f\x01\x4f\x01\x2e\x09\x85\x00\x00\x00\x00\x00\x28\x4a\x52\x8c\x83\x10" M7 M7 M7 M7 M7 M7 M7 M7 M7 M7 M7 M7 M7 M25 
  "\x20\x00\x41\x08\x41\x08\x4b\x4a\xef\x7b\x61\x10\x00\x00\x42\x00\xea\x00\x4f\x09\x4f\x01\x2e\x01\xea\x08\x44\x00\x22\x00\x22" "\x00\x22\x00\xa8\x00\x2d\x09\x4f\x01\x4f\x01\x2e\x09\x85\x00\x00\x00\x00\x00\x28\x4a\x52\x8c\x83\x10" M7 M7 M7 M7 M7 M7 M7 M7 M7 M7 M7 M7 M7 M25 
  "\x20\x00\x41\x08\x41\x08\x4b\x4a\xef\x7b\x61\x10\x00\x00\x42\x00\xea\x00\x4f\x09\x4f\x01\x2e\x01\xca\x08\x23\x00\x22\x00\x21" "\x00\x22\x00\xa8\x00\x2d\x01\x4f\x01\x4f\x01\x2e\x09\x85\x00\x00\x00\x00\x00\x28\x4a\x52\x8c\x83\x10" M7 M16 
  "\x20\x00\x20\x00\x00\x00\x20\x00\x20\x00\x20\x00\x20\x00\x41\x08\x41\x08\x20\x00\x20\x00\x41\x08\x41\x08\x20\x00\x20\x00\x41" 
  "\x08\x41\x08\x41\x08\x61\x08\x82\x10\x82\x10\x61\x08\xa2\x10\xa2\x10\xa2\x10\xa2\x10\xa2\x10\xa2\x10\xa2\x10\xa2\x10\xa2\x10" 
  "\xa2\x10\x82\x10\x82\x10\xa2\x10\xa2\x10\xa2\x10\xa2\x10\x82\x10\x61\x08\x41\x08\x61\x08\xa2\x10\xa2\x10\x82\x10\xa2\x10\xa2" 
  "\x10\xa2\x10\xa2\x10\xa2\x10\xa2\x10\xa2\x10\x82\x10\xa2\x10\x82\x10\x82\x10\x82\x10\xa2\x10\x82\x10\x82\x10\xa2\x10\xc3\x18" 
  "\xc3\x18\xa2\x10\xc3\x18\xc3\x18\xc3\x18\xa2\x10\xc3\x18\xc3\x18\xc3\x18\xc3\x18\xc3\x18\xc3\x18\xc3\x18\xc3\x18\xc3\x18\xc3" 
  "\x18\xc3\x18\xe3\x18\xe3\x18\xc3\x18\xc3\x18\xe3\x18\xe3\x18\xc3\x18\xc3\x18\xe3\x18\xc3\x18\xc3\x18" M45 
  "\xa2\x10\xa2\x10\xa2\x10\xa2\x10\xa2\x10\xa2\x10\xc3\x18\xc3\x18\xc3\x18\xc3\x18\xc3\x18\xc3\x18\xc3\x18\xa2\x10\xc3\x18\xc3" "\x18\xa2\x10\xa2\x10\xa2\x10\xa2\x10\xa2\x10\xa2\x10\xa2\x10\xa2\x10\x61\x08\x61\x08\x61\x08\x61\x08\x41\x08\x41\x08\x61\x08" 
  "\x61\x08\x61\x08\x61\x08\x82\x10\x61\x08\x61\x08\x82\x10\x82\x10\x82\x10\x82\x10\x82\x10\xa2\x10\x82\x10\x82\x10\x82\x10\xa2" 
  "\x10\x82\x10\x82\x10\x82\x10\x82\x10\x61\x08\x61\x08\x82\x10\x61\x08\x41\x08\x41\x08\x61\x08\x20" M7 M24 "\x00\x20\x00\x41\x08\x41\x08\x4b\x4a\xef\x7b\x61\x10\x00\x00\x42\x00\xea\x00\x4f\x01\x4f\x01\x2e\x01\xca\x08\x23\x00\x22\x00" 
  "\x21\x00\x22\x00\xa8\x00\x2d\x01\x2f\x01\x4f\x01\x2e\x09\x85\x00\x00\x00\x00\x00\x28\x4a\x52\x8c\x83\x10" M7 M27 
  "\x82\x10\x86\x31\x69\x4a\x2c\x63\x8e\x73\x6d\x6b\x4d\x6b\x6d\x6b\x6d\x6b\x4d\x6b\x4d\x6b\x4d\x6b\x4d\x6b\x4d\x6b\x4d\x6b\x4d" 
  "\x6b\x4d\x6b\x4d\x6b\x4d\x6b\x4d\x6b\x4d\x6b\x4d\x6b\x4d\x6b\x4d\x6b\x4d\x6b\x4d\x6b\x6d\x6b\x6d\x6b\x6d\x6b\x6d\x6b\x8e\x73" 
  "\x8e\x73\x8e\x73\x8e\x73\x8e\x73\x8e\x73\x8e\x73\x8e\x73\x8e\x73\x8e\x73\x8e\x73\x8e\x73\xae\x73\xae\x73\xae\x73\xae\x73\xae" 
  "\x73\xae\x73\xae\x73\xae\x73\x8e\x73\x8e\x73\x6d\x6b\x6d\x6b\x6d\x6b\x6d\x6b\x6d\x6b\x6d\x6b\x6d\x6b\x6d\x6b\x4d\x6b\x4d\x6b" 
  "\x2c\x63\x4d\x6b\x4d\x6b\x4d\x6b\x4d\x6b\x6d\x6b\x6d\x6b\x6d\x6b\x6d\x6b\x4d\x6b\x4d\x6b\x4d\x6b\x4d\x6b\x6d\x6b\x6d\x6b\x6d" 
  "\x6b\x6d\x6b\x6d\x6b\x6d\x6b\x6d\x6b\x8e\x73\xae\x73\xae\x73\xae\x73\xae\x73\xae\x73\xae\x73\xae\x73\xcf\x7b\xcf\x7b\xae\x73" 
  "\xae\x73\xae\x73\x8e\x73\x8e\x73\x8e\x73\x6d\x6b\x6d\x6b\x6d\x6b\x6d\x6b\x6d\x6b\x6d\x6b\x4d\x6b\x4d\x6b\x4d\x6b\x6d\x6b\x6d" 
  "\x6b\x6d\x6b\x6d\x6b\x4d\x6b\x4d\x6b\x4d\x6b\x4d\x6b\x2c\x63\x4d\x6b\x4d\x6b\x6d\x6b\x6d\x6b\x6d\x6b\x6d\x6b\x6d\x6b\x6d\x6b" 
  "\x6d\x6b\x6d\x6b\x8e\x73\x8e\x73\xae\x73\xae\x73\xae\x73\xae\x73\xae\x73\xae\x73\xae\x73\xae\x73\x8e\x73\x8e\x73\x8e\x73\x8e" 
  "\x73\x8e\x73\x8e\x73\x8e\x73\x8e\x73\x8e\x73\x8e\x73\x8e\x73\x8e\x73\x6d\x6b\x6d\x6b\x6d\x6b\x6d\x6b\x6d\x6b\x4d\x6b\x4d\x6b" 
  "\x6d\x6b\x4d\x6b\x4d\x6b\x4d\x6b\x4d\x6b\x4d\x6b\x4d\x6b\x4d\x6b\x4d\x6b\x4d\x6b\x4d\x6b\x4d\x6b\x4d\x6b\x4d\x6b\x4d\x6b\x6d" 
  "\x6b\x4d\x6b\x4d\x6b\x4d\x6b\x0c\x63\x69\x4a\x65\x29\x82\x10" M9 
  "\x20\x00\x41\x08\x41\x08\x4b\x4a\xef\x7b\x61\x10\x00\x00\x42\x00\xea\x00\x4f\x01\x4f\x01\x2e\x01\xca\x08\x23\x00\x22\x00\x21" "\x00\x22\x00\xa8\x00\x0d\x01\x2f\x01\x4f\x01\x2e\x09\x85\x00\x00\x00\x00\x00\x28\x4a\x52\x8c\x83\x10" M7 
  "\x00\x00\xc3\x18\x0c\x63\xef\x7b\x2c\x63\xe7\x39\xe3\x18\xa2\x10\xa2\x10\x82\x10\x82\x10\x82\x10\x82\x10\x61\x08\x61\x08\x82" 
  "\x10\x82\x10\x61\x08\x61\x08\x61\x08\x82\x10\x61\x08\x61\x08\x61\x08\x61\x08\x61\x08\x61\x08\x61\x08\x61\x08\x61\x08\x61\x08" 
  "\x61\x08\x82\x10\x82\x10\x82\x10\x82\x10\x82\x10\x82\x10\x82\x10\x82\x10\x61\x08\x61\x08\x61\x08\x61\x08\x61\x08\x61\x08\x61" 
  "\x08\x61\x08\x61\x08\x61\x08\x61\x08\x61\x08\x61\x08\x61\x08\x61\x08\x61\x08\x61\x08\x61\x08\x61\x08\x41\x08\x41\x08\x41\x08" 
  "\x61\x08\x41\x08\x41\x08\x61\x08\x61\x08\x61\x08\x61\x08\x61\x08\x61\x08\x61\x08\x61\x08\x61\x08\x61\x08\x61\x08\x61\x08\x61" 
  "\x08\x61\x08\x61\x08\x61\x08\x61\x08\x61\x08\x61\x08\x61\x08\x61\x08\x61\x08\x61\x08\x61\x08\x61\x08\x41\x08\x61\x08\x61\x08" 
  "\x41\x08\x41\x08\x61\x08\x61\x08\x41\x08\x61\x08\x61\x08\x61\x08\x61\x08\x61\x08\x61\x08\x61\x08\x61\x08\x61\x08\x61\x08\x61" 
  "\x08\x61\x08\x61\x08\x61\x08\x61\x08\x61\x08\x61\x08\x61\x08\x61\x08\x61\x08\x61\x08" M43 
  "\x61\x08\x61\x08\x41\x08\x61\x08\x61\x08\x61\x08\x61\x08\x61\x08\x61\x08\x61\x08\x61\x08\x61\x08\x61\x08\x61\x08\x61\x08\x61" 
  "\x08\x61\x08\x61\x08\x61\x08\x82\x10\x82\x10\x82\x10\x82\x10\x82\x10\x82\x10\x82\x10\x82\x10\x61\x08\x61\x08\x61\x08\x61\x08" 
  "\x82\x10\x61\x08\x61\x08\x82\x10\x82\x10\x61\x08\x61\x08\x82\x10\x82\x10\x61\x08\x61\x08\x82\x10\x82\x10\x61\x08\x82\x10\x82" 
  "\x10\x82\x10\x82\x10\x82\x10\xa2\x10\xa2\x10\xe3\x18\xe7\x39\x2c\x63\xef\x7b\xcb\x5a\xa2\x10" M12 
  "\x20\x00\x41\x08\x41\x08\x4b\x4a\xef\x7b\x61\x10\x00\x00\x42\x00\xea\x00\x4f\x01\x4f\x01\x2e\x01\xca\x08\x23\x00\x22\x00\x21" "\x00\x22\x00\xa8\x00\x0d\x09\x2f\x01\x4f\x01\x2d\x09\x85\x00\x00\x00\x00\x00\x28\x42\x72\x8c\x83\x10" M9 
  "\x20\x00\xc7\x39\xae\x73\xeb\x5a\x45\x29\x41\x08" M7 M7 M7 M7 M7 M7 M7 M7 M7 M7 M10 
  "\x41\x08\x04\x21\xeb\x5a\x8e\x73\xc7\x39" M13 
  "\x20\x00\x41\x08\x41\x08\x4b\x4a\xef\x7b\x61\x10\x00\x00\x42\x00\xea\x00\x4f\x01\x4f\x01\x2e\x01\xca\x08\x23\x00\x22\x00\x21" "\x00\x21\x00\xa8\x00\x0d\x09\x2f\x01\x2f\x01\x2d\x09\x85\x00\x00\x00\x00\x00\x28\x42\x72\x8c\x83\x10" M10 "\x82\x10\x0c\x63\x0c\x63\xa2\x10" M7 M7 M7 M7 M7 M7 M7 M7 M7 M7 M7 M25 "\xa2\x10\xeb\x5a\xcb\x5a\x41\x08" M16 
  "\x20\x00\x41\x08\x41\x08\x4b\x4a\xef\x7b\x61\x10\x00\x00\x42\x00\xea\x00\x4f\x01\x2f\x01\x0e\x01\xca\x08\x23\x00\x21\x00\x21" "\x00\x21\x00\xa8\x00\x0d\x01\x2f\x01\x2f\x01\x0d\x01\x85\x00\x00\x00\x00\x00\x28\x42\x72\x8c\x83\x10" M12 "\x20\x00\xaa\x52\x0c\x63\xa2\x10" M15 
  "\x20\x00\x20\x00\x20\x00\x20\x00\x20\x00\x20\x00\x20\x00\x00\x00\x00\x00\x20\x00\x20" M7 M7 M7 M7 M7 M7 M7 M15 "\x00\x20" M7 M7 M25 "\x00\x61\x08\x2c\x63\x69\x4a\x20" M18 "\x00\x20\x00\x41\x08\x41\x08\x4b\x4a\xef\x7b\x61\x10\x00\x00\x42\x00\xea\x00\x2f\x01\x2f\x01\x0e\x01\xca\x08\x23\x00\x21\x00" 
  "\x21\x00\x01\x00\xa8\x00\x0c\x01\x2f\x01\x2f\x01\x0d\x01\x85\x00\x00\x00\x00\x00\x28\x42\x72\x8c\x83\x10" M12 "\x69\x4a\x0c\x63\x61\x08" M22 
  "\x61\x08\x82\x10\xe2\x18\x24\x21\x44\x29\x85\x29\xa5\x31\xa5\x31\xa6\x31\xc6\x31\xc6\x31\xa6\x31\xa6\x31\xa5\x31\xa5\x31\xa5" 
  "\x31\xa5\x31\x85\x31\x85\x31\x85\x31\x85\x31\x85\x29\x85\x29\x85\x31\x85\x29\x65\x29\x85\x29\x85\x31\x65\x29\x64\x29\x64\x29" 
  "\x64\x29\x64\x29\x64\x29\x64\x29\x65\x29\x65\x29\x65\x29\x65\x29\x64\x29\x64\x29\x64\x29\x65\x29\x64\x29\x64\x29\x64\x29\x64" 
  "\x29\x44\x29\x44\x29\x64\x29\x64\x29\x64\x29\x64\x29\x65\x29\x65\x29\x64\x29\x64\x29\x65\x29\x65\x29\x64\x29\x64\x29\x65\x29" 
  "\x64\x29\x64\x29\x64\x29\x64\x29\x64\x29\x64\x29\x64\x29\x64\x29\x64\x29\x64\x29\x64\x29\x64\x29\x64\x29\x64\x29\x64\x29\x64" "\x29\x64\x29\x64\x29\x64\x29\x64\x29\x64\x29\x64\x29\x64\x29\x64\x29\x64\x29\x64\x29\x65\x29\x64\x29\x64\x29\x64\x29\x64\x29" 
  "\x64\x29\x64\x29\x64\x29\x64\x29\x64\x29\x64\x29\x64\x29\x43\x29\x43\x29\x43\x29\x43\x29\x43\x21\x43\x29\x43\x29\x44\x29\x44" 
  "\x29\x44\x29\x44\x29\x44\x29\x44\x29\x44\x29\x44\x29\x44\x21\x44\x21\x44\x29\x44\x29\x24\x21\x24\x21\x24\x21\x24\x21\x24\x21" 
  "\x24\x21\x24\x21\x24\x21\x24\x21\x44\x29\x44\x29\x44\x29\x44\x29\x64\x29\x65\x29\x85\x31\x85\x31\x65\x29\x85\x29\x85\x29\x85" 
  "\x29\x85\x31\x85\x31\x85\x31\x85\x31\x85\x31\x85\x29\x64\x29\x64\x29\x64\x29\x44\x29\x44\x21\x44\x21\x24\x21\x24\x21\x24\x21" 
  "\x24\x21\x24\x21\x24\x21\x24\x21\x24\x21\x24\x21\x24\x21\x24\x21\x24\x21\x24\x21\x24\x21\x24\x21\x03\x21\xc2\x18\x81\x10\x41" "\x08\x20" M22 "\x00\x41\x08\x2c\x63\x08\x42\x20" M19 "\x00\x20\x00\x41\x08\x41\x08\x4b\x4a\xef\x7b\x61\x10\x00\x00\x22\x00\xea\x00\x2f\x01\x2f\x01\x0e\x01\xca\x08\x23\x00\x21\x00" 
  "\x21\x00\x01\x00\xa8\x00\x0c\x01\x2f\x01\x2f\x01\x0d\x01\x85\x00\x00\x00\x00\x00\x28\x42\x72\x8c\x83\x10" M13 "\x24\x21\x30\x84\x61\x08" M24 
  "\x61\x08\x24\x21\xa5\x31\xc6\x39\x07\x42\x47\x42\x48\x4a\x68\x4a\x89\x52\xa9\x52\xa9\x52\xa9\x52\xaa\x52\xca\x52\xca\x52\xa9" "\x52\xa9\x52\xa9\x52\xa9\x52\xa9\x52\xa9\x52\xa9\x52\xa9\x52\xa9\x52\xa9\x52\xa9\x52\xa9\x52\xa9\x52\xa9\x52\xa9\x52\x89\x52" 
  "\x89\x52\x89\x52\x89\x52\x89\x52\x89\x52\x89\x52\x89\x52\x89\x52\xa9\x52\x89\x52\xa9\x52\xa9\x52\xa9\x52\x89\x52\x89\x52\x89" 
  "\x52\x89\x52\x89\x52\x89\x52\x89\x52\x89\x52\x89\x52\x88\x4a\x88\x4a\x89\x4a\x89\x52\x89\x52\x89\x52\x89\x52\x89\x52\x89\x52" 
  "\x89\x4a\x88\x4a\x68\x4a\x68\x4a\x68\x4a\x88\x4a\x88\x4a\x88\x4a\x88\x4a\x68\x4a\x67\x4a\x67\x4a\x68\x4a\x68\x4a\x68\x4a\x68" 
  "\x4a\x88\x4a\x68\x4a\x68\x4a\x68\x4a\x68\x4a\x68\x4a\x68\x4a\x88\x4a\x89\x4a\x88\x4a\x68\x4a\x89\x4a\x89\x4a\x68\x4a\x68\x4a" 
  "\x68\x4a\x68\x4a\x68\x4a\x68\x4a\x68\x4a\x68\x4a\x68\x4a\x68\x4a\x68\x4a\x47\x4a\x47\x4a\x47\x4a\x47\x4a\x67\x4a\x67\x4a\x67" 
  "\x4a\x48\x4a\x48\x4a\x48\x4a\x48\x4a\x48\x4a\x68\x4a\x68\x4a\x68\x4a\x48\x4a\x48\x4a\x48\x4a\x48\x4a\x48\x4a\x48\x4a\x48\x4a" 
  "\x48\x4a\x48\x4a\x48\x4a\x48\x4a\x48\x4a\x68\x4a\x68\x4a\x69\x4a\x89\x4a\x89\x52\x89\x52\xa9\x52\xa9\x52\xa9\x52\xa9\x52\xa9" 
  "\x52\xa9\x52\xa9\x52\xa9\x52\xa9\x52\xa9\x52\xa9\x52\xa9\x52\xa9\x52\x89\x52\x89\x4a\x89\x4a\x68\x4a\x68\x4a\x68\x4a\x48\x4a" 
  "\x48\x4a\x48\x4a\x48\x4a\x48\x4a\x48\x42\x28\x42\x48\x42\x48\x4a\x48\x42\x28\x42\x48\x42\x48\x42\x27\x42\x27\x42\x27\x42\x07" 
  "\x42\xc6\x39\xa5\x31\x64\x29\xe2\x18\x41\x08" M24 "\xa2\x10\xae\x73\x45\x29" M19 
  "\x20\x00\x41\x08\x41\x08\x4b\x4a\xef\x7b\x61\x10\x00\x00\x22\x00\xea\x00\x2f\x01\x2f\x01\x0e\x01\xca\x08\x23\x00\x21\x00\x21" "\x00\x01\x00\xa7\x00\x0c\x01\x2f\x01\x2f\x01\x0d\x01\x84\x00\x00\x00\x00\x00\x28\x42\x72\x8c\x83\x10" M15 "\x20\x00\x4d\x6b\x08\x42" M25 
  "\x20\x00\x03\x21\xa5\x31\x07\x42\x68\x4a\xa9\x52\xca\x5a\x0a\x63\x2b\x63\x4b\x6b\x6c\x6b\x8c\x6b\x8c\x6b\x8c\x6b\x8d\x73\x8d" 
  "\x73\x8d\x73\x8d\x6b\x8c\x6b\x8c\x6b\x8c\x6b\x6c\x6b\x6c\x6b\x6c\x6b\x6c\x6b\x6c\x6b\x6c\x6b\x6c\x6b\x4c\x6b\x4c\x6b\x4c\x6b" 
  "\x4c\x6b\x4c\x6b\x4c\x6b\x4c\x6b\x4c\x6b\x4c\x6b\x4c\x6b\x4c\x6b\x4c\x6b\x4c\x6b\x4c\x6b\x4c\x6b\x4c\x6b\x4b\x6b\x4b\x6b\x4b" 
  "\x6b\x4b\x63\x4b\x63\x4b\x63\x4b\x63\x4b\x63\x4b\x63\x4b\x63\x4b\x6b\x4b\x63\x4b\x63\x4b\x6b\x4b\x6b\x4b\x6b\x4b\x6b\x4c\x6b" 
  "\x4b\x6b\x4b\x6b\x4b\x6b\x4b\x6b\x4b\x63\x4b\x63\x4b\x63\x4b\x63\x2b\x63\x4b\x63\x4b\x63\x4b\x6b\x4b\x63\x4b\x63\x4b\x63\x4b" 
  "\x63\x4b\x63\x4b\x63\x4b\x63\x4b\x63\x4b\x63\x4c\x63\x4b\x63\x4b\x63\x4b\x6b\x4c\x6b\x4c\x6b\x4c\x6b\x4c\x6b\x4c\x6b\x4b\x63" 
  "\x4b\x63\x4b\x63\x4b\x63\x4b\x63\x4b\x63\x2b\x63\x4b\x63\x2b\x63\x2b\x63\x2b\x63\x2b\x63\x2a\x63\x2a\x63\x2a\x63\x2a\x63\x0a" 
  "\x5b\x0a\x5b\x0a\x5b\x0a\x5b\x0b\x63\x0b\x63\x0b\x63\x2b\x63\x2b\x63\x2b\x63\x2b\x63\x2b\x63\x0b\x63\x2b\x63\x2b\x63\x0b\x63" 
  "\x0b\x63\x0b\x63\x0b\x63\x0b\x63\x0b\x63\x0b\x63\x0b\x63\x0b\x63\x2b\x63\x2b\x63\x2b\x63\x2b\x63\x4b\x63\x4b\x63\x4c\x6b\x4b" 
  "\x6b\x4b\x6b\x4c\x6b\x6c\x6b\x6c\x6b\x6c\x6b\x6c\x6b\x6c\x6b\x4c\x6b\x4c\x6b\x4c\x6b\x4b\x63\x2b\x63\x2b\x63\x2b\x63\x2b\x63" 
  "\x2b\x63\x2b\x63\x2b\x63\x0b\x63\x0b\x63\x0b\x63\x0b\x63\x0b\x63\x0b\x63\x0b\x63\x0b\x63\x0b\x63\x2b\x63\x2b\x63\x0b\x63\x0a" 
  "\x63\x0a\x5b\xea\x5a\xa9\x52\x68\x4a\x27\x42\xe6\x39\x85\x31\x03\x19\x20" M25 "\x00\x49\x4a\x0c\x63" M19 
  "\x20\x00\x41\x08\x41\x08\x4b\x4a\xef\x7b\x61\x10\x00\x00\x22\x00\xea\x00\x2f\x01\x2f\x01\x0e\x01\xca\x08\x23\x00\x21\x00\x21" "\x00\x01\x00\x87\x00\x0c\x01\x0e\x01\x2f\x01\x0d\x01\x84\x00\x00\x00\x00\x00\x28\x42\x72\x8c\x83\x10" M15 "\xc3\x18\xcf\x7b\x20" M25 
  "\x00\x43\x21\x06\x3a\x47\x4a\x88\x52\xc9\x5a\x2b\x63\x4b\x6b\x8c\x6b\xad\x73\xcd\x7b\xee\x7b\xee\x7b\x0e\x7c\xee\x7b\xee\x7b" 
  "\xee\x7b\xee\x7b\xee\x7b\xee\x7b\xee\x7b\xee\x7b\xed\x7b\xed\x7b\xed\x7b\xcd\x7b\xcd\x7b\xcd\x7b\xcd\x7b\xcd\x73\xce\x73\xce" 
  "\x7b\xce\x7b\xce\x7b\xce\x73\xce\x73\xce\x73\xce\x7b\xce\x7b\xce\x7b\xce\x7b\xcd\x73\xcd\x73\xcd\x73\xad\x73\xad\x73\xad\x73" 
  "\xad\x73\xad\x73\xad\x73\xad\x73\xad\x73\xad\x73\xad\x73\xad\x73\xad\x73\xad\x73\xad\x73\xcd\x73\xad\x73\xad\x73\xad\x73\xad" 
  "\x73\xad\x73\xad\x73\xad\x73\xad\x73\xad\x73\xad\x73\xad\x73\xad\x73\xad\x73\xad\x73\xad\x73\xad\x73\xad\x73\xad\x73\xad\x73" 
  "\xad\x73\xad\x73\xad\x73\xad\x73\xad\x73\xad\x73\xad\x73\xad\x73\xad\x73\xad\x73\xad\x73\xad\x73\xad\x73\xad\x73\xad\x73\xad" 
  "\x73\xad\x73\xad\x73\x8d\x73\x8d\x73\x8d\x73\x8d\x73\x8c\x73\x8d\x73\x8d\x73\x8c\x6b\x8c\x6b\x8c\x73\x8c\x73\x8c\x73\x8c\x73" 
  "\x8c\x6b\x8c\x6b\x8c\x6b\x8c\x6b\x8c\x6b\x8c\x6b\x8c\x6b\x8c\x6b\x8c\x6b\x8c\x6b\x8c\x6b\x8c\x6b\x8c\x6b\x8c\x6b\x8c\x6b\x8c" 
  "\x6b\x8c\x6b\x8c\x6b\x8c\x6b\x8c\x6b\x8c\x6b\x8c\x6b\x8c\x6b\x8c\x6b\x8c\x73\x8c\x73\x8c\x73\xad\x73\xad\x73\xad\x73\xad\x73" 
  "\xad\x73\xcd\x73\xcd\x73\xcd\x73\xcd\x73\xcd\x73\xcd\x73\xcd\x73\xcd\x73\xad\x73\xad\x73\xad\x73\x8c\x73\x8c\x73\x8c\x73\x8c" 
  "\x73\x8c\x6b\x8c\x6b\x8c\x6b\x6c\x6b\x6c\x6b\x6c\x6b\x6c\x6b\x6c\x6b\x6c\x6b\x6c\x6b\x6c\x6b\x8c\x6b\x8c\x73\x8c\x73\x8c\x73" 
  "\x8c\x73\x8c\x6b\x6c\x6b\x2b\x63\x0a\x5b\xa9\x52\x68\x4a\x27\x42\xe6\x39\x03\x21" M25 "\xa2\x10\x8e\x73\xa2\x10" M21 
  "\x20\x00\x41\x08\x41\x08\x4b\x4a\xef\x7b\x61\x10\x00\x00\x22\x00\xca\x00\x2f\x01\x2f\x01\x0e\x01\xca\x08\x23\x00\x21\x00\x21" "\x00\x01\x00\x87\x00\x0c\x01\x0e\x01\x2f\x01\x0d\x01\x64\x00\x00\x00\x00\x00\x28\x42\x72\x8c\x83\x10" M15 "\x08\x42\xcb\x5a" M25 
  "\xe3\x18\xe6\x39\x68\x4a\xa9\x52\x0a\x63\x4b\x6b\x8c\x73\xcd\x73\xed\x7b\x0e\x7c\x2e\x84\x2f\x84\x4f\x84\x4f\x84\x2f\x84\x2f" 
  "\x84\x2f\x84\x2f\x84\x2f\x84\x2f\x84\x2f\x84\x2f\x84\x2f\x84\x2e\x84\x2e\x84\x2e\x84\x2e\x84\x0e\x84\x0e\x84\x0e\x84\x0f\x84" 
  "\x0f\x84\x0f\x84\x0f\x7c\xee\x7b\xee\x7b\xee\x7b\xee\x7b\x0f\x7c" M17 
  "\xee\x7b\xee\x7b\xee\x7b\xee\x7b\xee\x7b\xee\x7b\xee\x7b\xed\x7b\xed\x7b\xed\x7b\xed\x7b\xee\x7b\xee\x7b\xee\x7b\xed\x7b\xed" 
  "\x7b\xed\x7b\xed\x7b\xed\x7b\xed\x7b\xed\x7b\xed\x7b\xed\x7b\xed\x7b\xed\x7b\xed\x7b\xcd\x7b\xcd\x7b\xcd\x7b\xcd\x7b\xcd\x7b" 
  "\xcd\x7b\xcd\x7b\xcd\x7b\xcd\x7b\xcd\x7b\xcd\x7b\xcd\x7b\xcd\x7b\xcd\x7b\xcd\x7b\xee\x7b\xce\x7b\xee\x7b\xee\x7b\xce\x7b\xce" 
  "\x7b\xce\x7b\xce\x7b\xce\x7b\xce\x7b\xcd\x73\xcd\x73\xcd\x73\xcd\x73\xcd\x73\xcd\x73\xcd\x73\xcd\x73\xcd\x73\xcd\x73\xcd\x73" 
  "\xad\x73\xad\x73\xcd\x73\xcd\x73\xcd\x73\xcd\x73\xcd\x73\xcd\x73\xcd\x73\xcd\x73\xcd\x73\xcd\x73\xcd\x73\xcd\x73\xcd\x73\xcd" 
  "\x73\xcd\x73\xcd\x73\xcd\x73\xcd\x73\xcd\x73\xcd\x73\xcd\x73\xcd\x73\xcd\x73\xcd\x7b\xcd\x7b\xcd\x7b\xcd\x7b\xcd\x7b\xed\x7b" 
  "\xee\x7b\xed\x7b\xee\x7b\xee\x7b\xee\x7b\xee\x7b\xee\x7b\xee\x7b\xee\x7b\xee\x7b\xee\x7b\xee\x7b\xed\x7b\xed\x7b\xcd\x7b\xcd" 
  "\x7b\xcd\x7b\xcd\x7b\xcd\x7b\xcd\x73\xcd\x73\xcd\x73\xcd\x73\xcd\x73\xad\x73\xad\x73\xad\x73\xcd\x73\xcd\x73\xcd\x7b\xcd\x7b" 
  "\xed\x7b\xed\x7b\xed\x7b\xcd\x7b\xcd\x73\xac\x73\x6c\x6b\x2b\x63\xe9\x5a\x88\x4a\x27\x42\xc5\x31\xc3\x18" M25 "\xcb\x5a\x49\x4a" M21 
  "\x20\x00\x41\x08\x41\x08\x4b\x4a\xef\x7b\x61\x10\x00\x00\x22\x00\xca\x00\x2f\x01\x2f\x01\x0e\x01\xca\x08\x23\x00\x21\x00\x21" "\x00\x01\x00\x87\x00\xec\x00\x0e\x01\x2f\x01\x0d\x01\x64\x00\x00\x00\x00\x00\x28\x4a\x72\x8c\x83\x10" M16 "\x41\x08\x0c\x63\x65\x29" M27 
  "\x41\x08\xc7\x39\x47\x4a\xa8\x52\xea\x5a\x4b\x6b\x8c\x73\xcd\x7b\x0e\x7c\x2f\x84\x4f\x84\x4f\x8c\x6f\x8c\x6f\x8c\x6f\x8c\x50" 
  "\x8c\x50\x8c\x50\x8c\x50\x8c\x4f\x84\x2f\x84\x2f\x84\x4f\x84\x4f\x84\x4f\x84\x4f\x84\x4f\x84\x4f\x84\x4f\x84\x4f\x84\x2f\x84" 
  "\x2f\x84\x2f\x84\x2f\x84\x2f\x84\x2f\x84\x2f\x84\x2f\x84\x2f\x84\x2f\x84\x2f\x84\x2f\x84\x0f\x84\x0f\x84\x0f\x84\x0e\x84\x0e" "\x84\x0e\x84\x0e\x84\x0e\x84" M26 "\x0e\x84\x0e\x84\x0e\x84\x0e\x84" M23 "\xee\x7b\xee\x7b\xee\x7b" M14 
  "\xee\x7b\xee\x7b\xee\x7b\xee\x7b\xee\x7b\xee\x7b\xee\x7b\xee\x7b\xee\x7b\xee\x7b\xee\x7b\xee\x7b\xee\x7b\xee\x7b\xee\x7b\xee" 
  "\x7b\xee\x7b\xee\x7b\xee\x7b\xee\x7b\xee\x7b\xee\x7b\xee\x7b\xee\x7b\xee\x7b\xee\x7b\xee\x7b\xee\x7b\xee\x7b\xee\x7b\xee\x7b" 
  "\xee\x7b\xee\x7b\xee\x7b\xee\x7b\xcd\x7b\xcd\x7b\xcd\x7b\xed\x7b\xed\x7b\xed\x7b\xed\x7b\xed\x7b\xed\x7b\xed\x7b\xed\x7b\xed" 
  "\x7b\xed\x7b\xed\x7b\xed\x7b\xed\x7b\xed\x7b\xed\x7b\xed\x7b\xee\x7b\xee\x7b\xee\x7b\xee\x7b\xee\x7b\xee\x7b\xee\x7b\xee\x7b" 
  "\xee\x7b\xee\x7b\xee\x7b\xee\x7b\xee\x7b\x0e\x7c\x0e\x7c\xee\x7b\xee\x7b\xee\x7b\xee\x7b\xee\x7b\xee\x7b\xee\x7b\x0e\x7c\xee" 
  "\x7b\xee\x7b\xee\x7b\xee\x7b\xee\x7b\xee\x7b\xed\x7b\xed\x7b\xed\x7b\xed\x7b\xed\x7b\xed\x7b\xed\x7b\xed\x7b\xed\x7b\xed\x7b" 
  "\xcd\x7b\xed\x7b\xed\x7b\xed\x7b\xed\x7b\xee\x7b\xee\x7b\xee\x7b\x0e\x7c\xee\x7b\xee\x7b\xed\x7b\xcd\x73\x6c\x6b\x2a\x63\xc9" "\x52\x88\x4a\x26\x42\xa6\x31\x41\x08" M27 "\x45\x29\x6d\x6b" M21 
  "\x20\x00\x41\x08\x41\x08\x4b\x4a\xef\x7b\x61\x10\x00\x00\x21\x00\xca\x00\x2e\x01\x2f\x01\x0e\x01\xc9\x08\x23\x00\x21\x00\x01" "\x00\x01\x00\x87\x00\xec\x00\x0e\x01\x2f\x01\x0d\x01\x64\x00\x00\x00\x00\x00\x28\x4a\x72\x8c\x83\x10" M16 "\x82\x10\x8e\x73\xa2\x10" M27 
  "\x23\x21\x47\x4a\xa9\x52\xea\x5a\x4b\x6b\x8c\x73\xcc\x7b\xed\x7b\x2e\x84\x4f\x84\x4f\x8c\x6f\x8c\x6f\x8c\x6f\x8c\x6f\x8c\x50" 
  "\x8c\x50\x8c\x50\x8c\x50\x8c\x4f\x84\x4f\x84\x4f\x84\x4f\x84\x4f\x84\x4f\x84\x4f\x84\x4f\x8c\x4f\x8c\x4f\x8c\x4f\x8c\x4f\x8c" 
  "\x4f\x84\x4f\x84\x4f\x84\x2f\x84\x2f\x84\x2f\x84\x2f\x84\x2f\x84\x2f\x84\x2f\x84\x2f\x84\x0f\x84\x0f\x84\x0f\x84\x0e\x84\x2e" 
  "\x84\x2e\x84\x2e\x84\x0e\x84\x0e\x84\x0e\x84\x0e\x84\x0e\x84" M1 
  "\xee\x7b\xee\x7b\xee\x7b\xee\x7b\xee\x7b\xee\x7b\xee\x7b\xee\x7b\xee\x7b\xee\x7b\xee\x7b\xee\x7b\xee\x7b\xee\x7b\xee\x7b\xee" "\x7b\xee\x7b\xee\x7b\xee\x7b" M3 
  "\xee\x7b\xee\x7b\xee\x7b\xee\x7b\xee\x7b\xee\x7b\xee\x7b\xee\x7b\xee\x7b\xee\x7b\xee\x7b\xee\x7b\xed\x7b\xed\x7b\xed\x7b\xed" "\x7b\xed\x7b\xed\x7b\xed\x7b\xed\x7b\xed\x7b\xed\x7b\xed\x7b\xed\x7b" M14 "\xee\x7b\xee\x7b\xee\x7b" M20 
  "\xee\x7b\xee\x7b\xee\x7b\xee\x7b\xee\x7b\xee\x7b\xee\x7b\xee\x7b\xee\x7b\xee\x7b\xee\x7b\xee\x7b\xee\x7b\xee\x7b\xee\x7b\xee" 
  "\x7b\xee\x7b\xee\x7b\xee\x7b\xed\x7b\xed\x7b\xed\x7b\xed\x7b\xed\x7b\xed\x7b\xee\x7b\xee\x7b\xee\x7b\xee\x7b" M17 
  "\xee\x7b\xcd\x7b\xac\x73\x6b\x6b\x0a\x63\xc9\x52\x88\x4a\x26\x42\x44\x29" M27 "\xa2\x10\xef\x7b\x82\x10" M22 
  "\x20\x00\x41\x08\x41\x08\x4b\x4a\xef\x7b\x61\x10\x00\x00\x21\x00\xca\x00\x2e\x01\x2f\x01\x0e\x01\xc9\x08\x23\x00\x01\x00\x00" "\x00\x01\x00\x87\x00\xec\x00\x0e\x01\x2f\x01\x0d\x01\x64\x00\x00\x00\x00\x00\x28\x4a\x72\x8c\x83\x10" M16 "\xe3\x18\xae\x73\x82\x10" M27 
  "\x85\x31\x67\x4a\xc9\x5a\x0a\x63\x6b\x6b\xac\x73\xed\x7b\x0e\x84\x2f\x84\x4f\x8c\x6f\x8c\x6f\x8c\x6f\x8c\x4f\x8c\x4f\x8c\x4f" 
  "\x8c\x4f\x84\x4f\x84\x4f\x84\x4f\x84\x4f\x84\x4f\x84\x4f\x84\x4f\x84\x4f\x84\x4f\x84\x4f\x84\x4f\x8c\x4f\x8c\x4f\x8c\x4f\x84" 
  "\x2f\x84\x4f\x84\x4f\x84\x2f\x84\x2f\x84\x2f\x84\x2f\x84\x2f\x84\x2f\x84\x2f\x84\x2f\x84\x0f\x84\x0e\x84\x0e\x84\x2e\x84\x2e" 
  "\x84\x0e\x84\x0e\x84\x0e\x84\x0e\x84\x0e\x84\x0e\x84" M0 "\x0e\x7c\x0e\x7c\xee\x7b\xee\x7b\xee\x7b" M23 
  "\xee\x7b\xee\x7b\xee\x7b\xee\x7b\xee\x7b\xee\x7b\xee\x7b\xee\x7b\xee\x7b\xee\x7b\xee\x7b\xee\x7b\xee\x7b\xee\x7b\xee\x7b\xee" "\x7b" M4 
  "\xee\x7b\xee\x7b\xee\x7b\xee\x7b\xee\x7b\xee\x7b\xee\x7b\xee\x7b\xee\x7b\xee\x7b\xee\x7b\xee\x7b\xee\x7b\xee\x7b\xee\x7b" M4 "\xee\x7b" M14 
  "\xee\x7b\xee\x7b\xee\x7b\xee\x7b\xee\x7b\xee\x7b\xee\x7b\xee\x7b\xee\x7b\xee\x7b\xee\x7b\xee\x7b\xee\x7b\xee\x7b\xee\x7b\xee" 
  "\x7b\xee\x7b\xee\x7b\xee\x7b\xee\x7b\xee\x7b\xee\x7b\xee\x7b\xee\x7b" M5 
  "\xed\x7b\xad\x73\x6c\x6b\x2a\x63\xe9\x5a\x88\x52\x47\x42\xa5\x31" M27 "\x82\x10\x0f\x84\xc3\x18" M22 
  "\x20\x00\x41\x08\x41\x08\x4b\x4a\xef\x7b\x61\x10\x00\x00\x21\x00\xca\x00\x2e\x01\x0f\x01\xee\x00\xc9\x08\x23\x00\x01\x00\x00" "\x00\x01\x00\x87\x00\xec\x00\x0e\x01\x2f\x01\x0d\x01\x64\x00\x00\x00\x00\x00\x28\x4a\x72\x8c\x83\x10" M16 
  "\x45\x29\xae\x73\x41\x08\x00\x00\x00\x00\x20\x00\xe6\x39\x88\x4a\xc9\x5a\x2b\x63\x8c\x73\xad\x7b\xee\x7b\x2e\x84\x2f\x8c\x4f" 
  "\x8c\x4f\x8c\x4f\x8c\x4f\x8c\x4f\x8c\x4f\x8c\x4f\x84\x4f\x84\x2f\x84\x2f\x84\x2f\x84\x2f\x84\x2f\x84\x2f\x84\x2f\x84\x2f\x84" 
  "\x2f\x84\x2f\x84\x2f\x84\x2f\x84\x2f\x84\x2f\x84\x2f\x84\x2f\x84\x2f\x84\x2f\x84\x2e\x84\x2e\x84\x2e\x84\x2e\x84\x2e\x84\x2e" "\x84\x2e\x84\x0e\x84\x0e\x84\x0e\x84\x0e\x84\x0e\x84\x0e\x84\x0e\x84" M0 M17 "\xee\x7b\xee\x7b\xee\x7b" M20 
  "\xee\x7b\xee\x7b\xee\x7b\xee\x7b\xee\x7b\xee\x7b\xee\x7b\xee\x7b\xee\x7b\xee\x7b\xee\x7b" M0 M0 M0 M3 
  "\xee\x7b\xee\x7b\xee\x7b\xee\x7b\xee\x7b\xee\x7b\xee\x7b\xee\x7b\xee\x7b\xee\x7b\xee\x7b\xee\x7b\xee\x7b" M4 
  "\xee\x7b\xcd\x73\x8c\x6b\x4b\x63\xea\x5a\xa8\x52\x47\x4a\xe5\x39" M27 "\x20\x00\xef\x7b\x24\x21" M22 
  "\x20\x00\x41\x08\x41\x08\x4b\x4a\xef\x7b\x61\x10\x00\x00\x21\x00\xca\x00\x2e\x01\x0f\x01\xee\x00\xa9\x08\x23\x00\x01\x00\x00" "\x00\x01\x00\x87\x00\xec\x00\x0e\x01\x2f\x01\x0d\x01\x64\x00\x00\x00\x00\x00\x28\x4a\x72\x8c\x83\x10" M16 
  "\x86\x31\xae\x73\x20\x00\x00\x00\x00\x00\x40\x08\x06\x42\x88\x52\xea\x5a\x4b\x6b\x8c\x73\xcd\x7b\xee\x83\x2f\x84\x2f\x8c\x4f" 
  "\x8c\x4f\x8c\x4f\x8c\x4f\x8c\x4f\x8c\x2f\x84\x2f\x84\x2e\x84\x2e\x84\x2e\x84\x2e\x84\x0e\x84\x2e\x84\x0e\x84\x0e\x84\x0e\x84" 
  "\x0e\x84\x0e\x84\x2e\x84\x2e\x84\x2e\x84\x2e\x84\x2e\x84\x2e\x84\x2e\x84\x2e\x84\x0e\x84\x0e\x84\x0e\x84\x0e\x84\x0e\x84\x0e" "\x84\x0e\x84\x0e\x84\x0e\x84\x0e\x84\x0e\x84\x0e\x84" M0 M0 M0 M0 M0 M0 M0 
  "\xee\x7b\xee\x7b\xee\x7b\xee\x7b\xee\x7b" M4 
  "\xee\x7b\xcd\x73\x8c\x73\x4b\x6b\x0a\x5b\xa9\x52\x67\x4a\x06\x42" M25 "\xce\x7b\x45\x29" M22 
  "\x20\x00\x41\x08\x41\x08\x4b\x4a\xef\x7b\x61\x10\x00\x00\x21\x00\xca\x00\x2e\x01\x0f\x01\xed\x00\xa9\x00\x23\x00\x01\x00\x00" "\x00\x01\x00\x87\x00\xec\x00\x0e\x01\x0f\x01\x0d\x01\x64\x00\x00\x00\x00\x00\x28\x4a\x72\x8c\xa3\x10" M16 
  "\xa6\x31\xce\x7b\x40\x08\x00\x00\x00\x00\x40\x00\x06\x42\x88\x52\x0a\x63\x4b\x6b\x8c\x73\xcd\x7b\xee\x83\x2f\x84\x2f\x84\x4f" 
  "\x8c\x4f\x8c\x4f\x8c\x2f\x8c\x2f\x84\x2f\x84\x2e\x84\x0e\x84\x0e\x84\x0e\x84\x0e\x84\x0e\x84\x0e\x84\x0e\x84\x0e\x84\x0e\x84" 
  "\x0e\x84\x0e\x84\x0e\x84\x0e\x84\x0e\x84\x0e\x84\x0e\x84\x0e\x84\x0e\x84\x0e\x84\x0e\x84" M0 M0 M0 M0 M0 M0 M0 M0 M4 
  "\xee\x7b\xcd\x73\x8c\x6b\x4b\x6b\x0a\x63\xc9\x5a\x67\x4a\x26\x42" M25 "\xcf\x7b\x65\x29" M22 
  "\x20\x00\x41\x08\x41\x08\x4b\x4a\xef\x7b\x61\x10\x00\x00\x21\x00\xc9\x00\x2e\x01\x0f\x01\xed\x00\xa9\x00\x23\x00\x01\x00\x00" "\x00\x01\x00\x87\x00\xec\x00\x0e\x01\x0f\x01\x0d\x01\x64\x00\x00\x00\x00\x00\x28\x4a\x72\x8c\xa3\x10" M16 
  "\xa6\x31\xce\x7b\x41\x08\x00\x00\x00\x00\x40\x00\x06\x42\x88\x52\x0a\x63\x4b\x6b\x8c\x73\xcd\x7b\xee\x83\x2e\x84\x2f\x84\x2f" "\x8c\x4f\x8c\x2f\x8c\x2f\x84\x2e\x84\x0e\x84\x0e\x84\x0e\x84" M0 M0 M0 M0 M0 M0 M0 M0 M0 M1 
  "\xee\x7b\xcd\x73\x8c\x6b\x4b\x6b\x0a\x5b\xc9\x5a\x67\x4a\x26\x42" M25 "\xcf\x7b\x65\x29" M22 
  "\x20\x00\x41\x08\x41\x08\x6b\x4a\xef\x7b\x61\x10\x00\x00\x21\x00\xc9\x00\x0e\x01\x0f\x01\xed\x00\xa9\x00\x23\x00\x01\x00\x00" "\x00\x01\x00\x87\x00\xec\x00\x0e\x01\x0f\x01\x0d\x01\x64\x00\x00\x00\x00\x00\x28\x4a\x72\x8c\xa4\x10" M16 
  "\xa6\x31\xce\x7b\x41\x08\x00\x00\x00\x00\x40\x08\x06\x42\x88\x52\x0a\x63\x4b\x6b\x8c\x73\xad\x73\xee\x7b\x0e\x84\x2f\x84\x2f" "\x84\x2f\x8c\x2f\x84\x2e\x84\x0e\x84\x0e\x84" M0 M0 M0 M0 M0 M0 M0 M0 M0 M0 
  "\x0e\x7c\xee\x7b\xcd\x73\x8c\x6b\x4b\x63\x0a\x5b\xc9\x5a\x67\x4a\x26\x42" M25 "\xcf\x7b\x65\x29" M22 
  "\x20\x00\x41\x08\x41\x08\x6b\x4a\xef\x7b\x61\x10\x00\x00\x21\x00\xc9\x00\x0e\x01\x0f\x01\xed\x00\xa9\x00\x23\x00\x00\x00\x00" "\x00\x01\x00\x87\x00\xec\x00\x0e\x01\x0f\x01\x0d\x01\x64\x00\x00\x00\x00\x00\x28\x4a\x72\x8c\xa4\x10" M16 
  "\x86\x31\xce\x7b\x41\x08\x00\x00\x00\x00\x40\x08\x06\x42\x88\x52\x0a\x63\x4b\x6b\x8c\x73\xad\x73\xed\x7b\x0e\x84\x2e\x84\x2f" "\x84\x2f\x84\x2e\x84\x0e\x84\x0e\x84" M0 M0 M0 M0 M0 M0 M0 M0 M0 M0 
  "\x0e\x7c\x0e\x7c\xee\x7b\xcd\x73\x8c\x6b\x4b\x63\x0a\x5b\xc9\x5a\x67\x4a\x26\x42" M25 "\xcf\x7b\x65\x29" M22 
  "\x20\x00\x41\x08\x41\x08\x6b\x4a\xef\x7b\x61\x10\x00\x00\x21\x00\xc9\x00\x0e\x01\x0f\x01\xed\x00\xa9\x00\x23\x00\x00\x00\x00" "\x00\x01\x00\x87\x00\xec\x00\x0e\x01\x0f\x01\x0d\x01\x64\x00\x00\x00\x00\x00\x28\x4a\x72\x8c\xa4\x10" M16 
  "\x65\x29\xae\x73\x41\x08\x00\x00\x00\x00\x40\x08\x06\x42\x88\x52\xea\x5a\x4b\x6b\x8c\x73\xad\x73\xed\x7b\x0e\x84\x2e\x84\x2f" "\x84\x2f\x84\x2e\x84\x0e\x84" M0 M0 M0 M0 M0 M0 M0 M0 M0 M23 
  "\xee\x7b\xee\x7b\xee\x7b" M4 
  "\xee\x7b\xcd\x7b\x8c\x73\x4b\x6b\x0a\x5b\xc9\x52\x67\x4a\x26\x42" M25 "\xce\x7b\x44\x29" M22 
  "\x20\x00\x41\x08\x41\x08\x6b\x4a\xef\x7b\x61\x10\x00\x00\x21\x00\xc9\x00\x0e\x01\x0f\x01\xed\x00\xa9\x00\x23\x00\x00\x00\x00" "\x00\x01\x00\x87\x00\xcc\x00\xee\x00\x0f\x01\x0d\x01\x64\x00\x00\x00\x00\x00\x28\x4a\x72\x8c\xa4\x10" M16 
  "\x65\x29\xae\x73\x41\x08\x00\x00\x00\x00\x40\x08\x06\x42\x88\x52\xea\x5a\x4b\x63\x8c\x6b\xad\x73\xed\x7b\x0e\x7c\x0e\x84\x2e" "\x84\x2e\x84\x0e\x84\x0e\x84" M0 M0 M0 M0 M0 M0 M0 M0 M0 M26 
  "\xee\x7b\xee\x7b\xee\x7b\xee\x7b\xee\x7b" M5 
  "\xee\x7b\xcd\x7b\x8c\x73\x4b\x6b\x0a\x5b\xc9\x52\x67\x4a\x26\x42" M25 "\xce\x7b\x44\x29" M22 
  "\x20\x00\x41\x08\x41\x08\x6b\x4a\xef\x7b\x61\x10\x00\x00\x21\x00\xc9\x00\x0e\x01\x0f\x01\xed\x00\xa9\x00\x23\x00\x00\x00\x00" "\x00\x01\x00\x87\x00\xcc\x00\xee\x00\x0f\x01\xed\x00\x64\x00\x00\x00\x00\x00\x28\x4a\x72\x8c\xa4\x10" M16 
  "\x65\x29\xae\x73\x41\x08\x00\x00\x00\x00\x40\x08\x06\x42\x88\x52\xea\x5a\x4b\x63\x6c\x6b\xad\x73\xcd\x7b\x0e\x7c\x0e\x84\x2e" "\x84\x0e\x84\x0e\x84" M0 M0 M0 M0 M0 M0 M0 M0 M0 M23 
  "\xee\x7b\xee\x7b\xee\x7b\xee\x7b\xee\x7b" M5 
  "\xee\x7b\xcd\x7b\x8c\x73\x4b\x6b\x0a\x5b\xc9\x52\x67\x4a\x26\x42" M25 "\xce\x7b\x44\x29" M22 
  "\x20\x00\x41\x08\x41\x08\x6b\x4a\xef\x7b\x61\x10\x00\x00\x21\x00\xc9\x00\x0e\x01\x0f\x01\xed\x00\xa9\x00\x23\x00\x00\x00\x00" "\x00\x01\x00\x67\x00\xcc\x00\xee\x00\x0f\x01\xed\x00\x64\x00\x00\x00\x00\x00\x28\x4a\x72\x8c\xa4\x10" M16 
  "\x65\x29\xae\x73\x41\x08\x00\x00\x00\x00\x20\x00\x06\x42\x88\x52\xea\x5a\x4b\x63\x8c\x6b\xad\x73\xed\x7b\x0e\x7c\x0e\x84\x0e" "\x84\x0e\x84" M0 M0 M0 M0 M0 M0 M0 M0 M0 M23 
  "\xee\x7b\xee\x7b\xee\x7b\xee\x7b\xee\x7b\xee\x7b" M5 
  "\xee\x7b\xcd\x7b\xac\x73\x4b\x6b\x0a\x5b\xc9\x52\x67\x4a\x06\x42" M27 "\x20\x00\xce\x7b\x24\x21" M22 
  "\x20\x00\x41\x08\x41\x08\x6b\x4a\xef\x7b\x61\x10\x00\x00\x21\x00\xc9\x00\x0e\x01\x0f\x01\xed\x00\xa9\x00\x23\x00\x00\x00\x00" "\x00\x01\x00\x67\x00\xcc\x00\xee\x00\x0f\x01\xed\x00\x64\x00\x00\x00\x00\x00\x28\x4a\x72\x8c\xa4\x10" M16 
  "\x44\x29\x8d\x73\x61\x08\x00\x00\x00\x00\x20\x00\x06\x3a\x88\x52\xea\x5a\x4b\x63\x8c\x6b\xad\x73\xed\x7b\x0e\x7c\x0e\x84\x0e" "\x84\x0e\x84" M0 M0 M0 M0 M0 M0 M0 M0 M0 M23 
  "\xee\x7b\xee\x7b\xee\x7b\xee\x7b\xee\x7b\xee\x7b" M5 
  "\xee\x7b\xcd\x7b\xac\x73\x4b\x6b\x0a\x5b\xc9\x52\x67\x4a\x06\x3a" M27 "\x41\x08\xae\x73\x04\x21" M22 
  "\x20\x00\x41\x08\x41\x08\x6b\x4a\xcf\x7b\x61\x10\x00\x00\x21\x00\xc9\x00\x0e\x01\x0f\x01\xed\x00\xa9\x00\x23\x00\x00\x00\x00" "\x00\x01\x00\x67\x00\xcc\x00\xee\x00\x0f\x01\xed\x00\x64\x00\x00\x00\x00\x00\x28\x4a\x72\x8c\xa4\x10" M16 
  "\x44\x21\x8d\x73\x61\x08\x00\x00\x00\x00\x20\x00\xe6\x39\x88\x52\xea\x5a\x4b\x63\x8c\x6b\xad\x73\xed\x7b\x0e\x7c\x0e\x84\x0e" "\x84\x0e\x84" M0 M0 M0 M0 M0 M0 M0 M0 M0 
  "\x0e\x7c\x0e\x7c\xee\x7b\xee\x7b\xee\x7b\xee\x7b\xee\x7b\xee\x7b\xee\x7b\xee\x7b" M5 
  "\xee\x7b\xcd\x7b\xac\x73\x4b\x6b\x0a\x5b\xc9\x52\x67\x4a\x06\x3a" M27 "\x41\x08\xae\x73\x04\x21" M22 
  "\x20\x00\x41\x08\x41\x08\x6b\x4a\xcf\x7b\x61\x10\x00\x00\x21\x00\xc9\x00\x0e\x01\xef\x00\xcd\x00\xa9\x00\x03\x00\x00\x00\x00" "\x00\x01\x00\x66\x00\xcb\x00\xee\x00\x0f\x01\xed\x00\x63\x00\x00\x00\x00\x00\x28\x4a\x72\x8c\xa4\x10" M16 
  "\x44\x21\x8d\x73\x61\x08\x00\x00\x00\x00\x20\x00\xe6\x39\x88\x52\xea\x5a\x4b\x63\x8c\x6b\xad\x73\xed\x7b\x0e\x7c\x0e\x84\x0e" "\x84\x0e\x84" M0 M0 M0 M0 M0 M0 M0 M0 M0 
  "\x0e\x7c\x0e\x7c\xee\x7b\xee\x7b\xee\x7b\xee\x7b\xee\x7b\xee\x7b\xee\x7b" M4 
  "\xee\x7b\xcd\x7b\xac\x73\x4b\x6b\x0a\x5b\xc9\x52\x67\x4a\x06\x3a" M27 "\x41\x08\xae\x73\x04\x21" M22 
  "\x20\x00\x41\x08\x41\x08\x6b\x4a\xcf\x7b\x61\x10\x00\x00\x21\x00\xc9\x00\x0e\x01\xee\x00\xcd\x00\xa9\x00\x03\x00\x00\x00\x00" "\x00\x01\x00\x66\x00\xcb\x00\xee\x00\x0f\x01\xed\x00\x63\x00\x00\x00\x00\x00\x28\x4a\x72\x8c\xa4\x10" M16 
  "\x24\x21\x8d\x73\x61\x08\x00\x00\x00\x00\x20\x00\xe6\x39\x88\x52\xea\x5a\x4b\x63\x8c\x6b\xad\x73\xed\x7b\x0e\x7c\x0e\x84\x0e" "\x84\x0e\x84" M0 M0 M0 M0 M0 M0 M0 M0 M0 "\x0e\x7c\x0e\x7c\xee\x7b\xee\x7b" M26 
  "\xee\x7b" M3 
  "\xee\x7b\xcd\x7b\x8c\x73\x4b\x6b\x0a\x5b\xc9\x52\x67\x4a\x06\x3a" M27 "\x61\x08\xce\x7b\xe3\x18" M22 
  "\x20\x00\x41\x08\x41\x08\x6b\x4a\xcf\x7b\x61\x10\x00\x00\x21\x00\xa9\x00\x0e\x01\xee\x00\xcd\x00\xa9\x00\x03\x00\x00\x00\x00" "\x00\x01\x00\x66\x00\xcb\x00\xee\x00\x0f\x01\xed\x00\x63\x00\x00\x00\x00\x00\x28\x4a\x72\x8c\xa4\x10" M16 
  "\xe3\x18\x8d\x73\x82\x10\x00\x00\x00\x00\x20\x00\xe6\x39\x88\x52\xea\x5a\x4b\x63\x8c\x6b\xad\x73\xed\x7b\x0e\x7c\x0e\x84\x0e" "\x84\x0e\x84" M0 M0 M0 M0 M0 M0 M0 M0 M0 M0 M20 
  "\xee\x7b\xcd\x7b\x8c\x73\x4b\x63\xea\x5a\xa9\x52\x67\x4a\x06\x3a" M27 "\x82\x10\xef\x7b\xc3\x18" M22 
  "\x20\x00\x41\x08\x41\x08\x6b\x4a\xcf\x7b\x61\x10\x00\x00\x21\x00\xa9\x00\x0e\x01\xee\x00\xcd\x00\xa9\x00\x03\x00\x00\x00\x00" "\x00\x01\x00\x66\x00\xcb\x00\xee\x00\x0f\x01\xed\x00\x63\x00\x00\x00\x00\x00\x28\x4a\x72\x8c\xa4\x10" M16 
  "\xc3\x18\x8d\x73\x82\x10\x00\x00\x00\x00\x20\x00\xe6\x39\x88\x52\xe9\x5a\x2b\x63\x6c\x6b\xad\x73\xed\x7b\x0e\x84\x0e\x84\x0e" "\x84\x0e\x84" M0 M0 M0 M0 M0 M0 M0 M0 M0 M0 M20 
  "\xee\x7b\xcd\x7b\x8c\x73\x4b\x63\xea\x5a\xa9\x52\x67\x4a\x06\x3a" M27 "\x82\x10\xef\x7b\xc2\x18" M22 
  "\x20\x00\x41\x08\x41\x08\x6b\x4a\xcf\x7b\x61\x10\x00\x00\x21\x00\xa9\x00\x0e\x01\xee\x00\xcd\x00\xa9\x00\x03\x00\x00\x00\x00" "\x00\x01\x00\x66\x00\xcb\x00\xee\x00\x0f\x01\xed\x00\x63\x00\x00\x00\x00\x00\x28\x4a\x72\x8c\xa4\x10" M16 
  "\xa2\x10\x8d\x73\x82\x10\x00\x00\x00\x00\x20\x00\xe6\x39\x88\x52\xe9\x5a\x2b\x63\x6c\x6b\xad\x73\xed\x7b\x0e\x84\x0e\x84\x0e" "\x84\x0e\x84" M0 M0 M0 M0 M0 M0 M0 M0 M5 "\xee\x7b\xee\x7b" M0 M11 
  "\xee\x7b\xcd\x7b\x8c\x73\x4b\x63\xea\x5a\xa9\x52\x67\x4a\x06\x3a" M27 "\x82\x10\xcf\x7b\xa2\x10" M22 
  "\x20\x00\x41\x08\x41\x08\x6b\x4a\xcf\x7b\x61\x10\x00\x00\x21\x00\xa9\x00\x0e\x01\xee\x00\xcd\x00\xa9\x00\x03\x00\x00\x00\x00" "\x00\x01\x00\x66\x00\xcb\x00\xee\x00\x0f\x01\xed\x00\x63\x00\x00\x00\x00\x00\x28\x4a\x72\x8c\xa4\x10" M16 
  "\xa2\x10\x8d\x6b\x82\x10\x00\x00\x00\x00\x20\x00\xe6\x39\x88\x52\xe9\x5a\x2b\x63\x6c\x6b\xad\x73\xed\x7b\x0e\x84\x0e\x84\x0e" "\x84\x0e\x84" M0 M0 M0 M0 M0 M0 M0 M0 M5 "\xee\x7b\xee\x7b\xee\x7b\xee\x7b\xee\x7b\xee\x7b\xee\x7b\xee\x7b\xee\x7b" M0 
  "\x0e\x7c\xee\x7b\xcd\x7b\x8c\x73\x4b\x63\xea\x5a\xa9\x52\x67\x4a\x06\x3a" M27 "\x82\x10\xef\x7b\xa2\x10" M22 
  "\x20\x00\x41\x08\x41\x08\x6b\x4a\xcf\x7b\x41\x10\x00\x00\x21\x00\xa9\x00\x0e\x01\xee\x00\xcd\x00\xa9\x00\x03\x00\x00\x00\x00" "\x00\x01\x00\x66\x00\xcb\x00\xee\x00\x0f\x01\xed\x00\x63\x00\x00\x00\x00\x00\x28\x4a\x72\x8c\xa4\x10" M16 
  "\x82\x10\x6d\x6b\x82\x10\x00\x00\x00\x00\x20\x00\xe6\x39\x88\x52\xe9\x5a\x2b\x63\x6c\x6b\xad\x73\xed\x7b\x0e\x84\x0e\x84\x0e" "\x84\x0e\x84" M0 M0 M0 M0 M0 M0 M0 M0 M8 "\xee\x7b\xee\x7b\xee\x7b\xee\x7b\xee\x7b\xee\x7b\xee\x7b\xee\x7b\xee\x7b\xee\x7b\xee\x7b" M0 
  "\x0e\x7c\xee\x7b\xcd\x7b\x8c\x73\x4b\x63\xea\x5a\xa9\x52\x67\x4a\x06\x3a" M27 "\x82\x10\xef\x7b\xa2\x10" M22 
  "\x20\x00\x41\x08\x41\x08\x6b\x52\xcf\x7b\x41\x10\x00\x00\x21\x00\xa9\x00\x0e\x01\xee\x00\xcd\x00\xa9\x00\x02\x00\x00\x00\x00" "\x00\x01\x00\x66\x00\xcb\x00\xee\x00\x0f\x01\xed\x00\x63\x00\x00\x00\x00\x00\x28\x4a\x72\x8c\xa4\x10" M16 
  "\x61\x08\x6d\x6b\x82\x10\x00\x00\x00\x00\x20\x00\xe6\x39\x88\x52\xe9\x5a\x2b\x63\x6c\x6b\xad\x73\xcd\x7b\xee\x83\x0e\x84\x0e" "\x84\x0e\x84" M0 M0 M0 M0 M0 M0 M0 M0 M5 "\xee\x7b\xee\x7b\xee\x7b\xee\x7b\xee\x7b\xee\x7b\xee\x7b\xee\x7b\xee\x7b" M0 
  "\x0e\x7c\xee\x7b\xcd\x7b\x8c\x73\x4b\x63\xea\x5a\xa9\x52\x67\x4a\x06\x3a" M27 "\x82\x10\xef\x7b\x81\x10" M22 
  "\x20\x00\x41\x08\x41\x08\x6b\x52\xcf\x7b\x41\x10\x00\x00\x21\x00\xa9\x00\x0e\x01\xee\x00\xcd\x00\xa9\x00\x02\x00\x00\x00\x00" "\x00\x01\x00\x66\x00\xcb\x00\xee\x00\x0f\x01\xed\x00\x63\x00\x00\x00\x00\x00\x28\x4a\x72\x8c\xa4\x10" M16 
  "\x61\x08\x6d\x6b\x82\x10\x00\x00\x00\x00\x20\x00\xe6\x39\x88\x52\xe9\x5a\x2b\x63\x6c\x6b\xad\x73\xcd\x7b\xee\x7b\x0e\x84\x0e" "\x84\x0e\x84" M0 M0 M0 M0 M0 M0 M0 M0 M2 "\xee\x7b\xee\x7b\xee\x7b\xee\x7b\xee\x7b\xee\x7b" M0 
  "\x0e\x7c\xee\x7b\xcd\x7b\x8c\x73\x4b\x63\xea\x5a\xa9\x52\x67\x4a\x06\x3a" M27 "\x82\x10\xef\x7b\x61\x08" M22 
  "\x20\x00\x41\x08\x41\x08\x6b\x52\xcf\x7b\x41\x10\x00\x00\x21\x00\xa9\x00\x0e\x01\xee\x00\xcd\x00\xa9\x00\x02\x00\x00\x00\x00" "\x00\x01\x00\x66\x00\xcb\x00\xee\x00\x0f\x01\xed\x00\x63\x00\x00\x00\x00\x00\x28\x4a\x72\x8c\xa4\x10" M16 
  "\x61\x08\x6d\x6b\x82\x10\x00\x00\x00\x00\x20\x00\xe6\x39\x88\x52\xe9\x5a\x2b\x63\x6c\x6b\xac\x73\xcd\x7b\xee\x7b\x0e\x84\x0e" "\x84\x0e\x84" M0 M0 M0 M0 M0 M0 M0 M0 M1 "\xee\x7b\xee\x7b\xee\x7b\xee\x7b\xee\x7b" M0 
  "\x0e\x7c\xee\x7b\xcd\x7b\x8c\x73\x2b\x6b\xea\x5a\xa9\x52\x67\x4a\x06\x3a" M27 "\x82\x10\xef\x7b\x61\x08" M22 
  "\x20\x00\x41\x08\x41\x08\x6b\x52\xcf\x7b\x41\x10\x00\x00\x21\x00\xa9\x00\x0e\x01\xee\x00\xcd\x00\xa9\x00\x02\x00\x00\x00\x00" "\x00\x01\x00\x66\x00\xcb\x00\xee\x00\x0f\x01\xed\x00\x63\x00\x00\x00\x00\x00\x28\x4a\x72\x8c\xa4\x10" M16 
  "\x61\x08\x6d\x6b\x82\x10\x00\x00\x00\x00\x20\x00\xe6\x39\x88\x52\xe9\x5a\x2b\x63\x6c\x6b\xac\x73\xcd\x7b\xee\x7b\x0e\x84\x0e" "\x84\x0e\x84" M0 M0 M0 M0 M0 M0 M0 M0 M1 "\xee\x7b\xee\x7b\xee\x7b\xee\x7b\xee\x7b" M0 
  "\x0e\x7c\xee\x7b\xcd\x7b\x8c\x73\x2b\x6b\xea\x5a\xa9\x52\x67\x4a\x06\x3a" M27 "\x82\x10\xef\x7b\x61\x08" M22 
  "\x20\x00\x41\x08\x41\x08\x6b\x52\xcf\x7b\x41\x10\x00\x00\x21\x00\xa9\x00\x0e\x01\xee\x00\xcd\x00\xa9\x00\x02\x00\x00\x00\x00" "\x00\x01\x00\x66\x00\xcb\x00\xee\x00\x0f\x01\xed\x00\x63\x00\x00\x00\x00\x00\x28\x4a\x72\x8c\xa4\x10" M16 
  "\x61\x08\x6d\x6b\x82\x10\x00\x00\x00\x00\x20\x00\xe6\x39\x88\x52\xe9\x5a\x2b\x63\x6b\x6b\x8c\x73\xcd\x7b\xee\x7b\x0e\x7c\x0e" "\x84" M0 M0 M0 M0 M0 M0 M0 M0 M0 "\x0e\x7c\xee\x7b\xee\x7b\xee\x7b" M0 
  "\x0e\x7c\x0e\x7c\xee\x7b\xcd\x7b\x8c\x73\x2b\x6b\xea\x5a\xa9\x52\x67\x4a\x06\x3a" M27 "\x82\x10\xef\x7b\x61\x08" M22 
  "\x20\x00\x41\x08\x41\x08\x6b\x52\xcf\x7b\x41\x10\x00\x00\x21\x00\xa9\x00\x0e\x01\xee\x00\xcd\x00\xa9\x00\x02\x00\x00\x00\x00" "\x00\x01\x00\x66\x00\xcb\x00\xee\x00\x0f\x01\xed\x00\x63\x00\x00\x00\x00\x00\x28\x4a\x72\x8c\xa4\x10" M16 
  "\x61\x08\x6d\x6b\x82\x10\x00\x00\x00\x00\x20\x00\xe6\x39\x88\x52\xe9\x5a\x2b\x63\x6b\x6b\x8c\x73\xcd\x7b\xee\x7b\x0e\x7c\x0e" "\x84" M0 M0 M0 M0 M0 M0 M0 M0 M0 "\x0e\x7c\xee\x7b\xee\x7b\xee\x7b" M0 M26 
  "\xcd\x7b\x8c\x73\x2b\x6b\xea\x5a\xa9\x52\x67\x4a\x06\x3a" M27 "\x82\x10\xef\x7b\x61\x08" M22 
  "\x20\x00\x41\x08\x41\x08\x6b\x52\xcf\x7b\x41\x10\x00\x00\x21\x00\xa9\x00\x0e\x01\xee\x00\xcd\x00\xa9\x00\x02\x00\x00\x00\x00" "\x00\x01\x00\x66\x00\xcb\x00\xee\x00\x0f\x01\xed\x00\x63\x00\x00\x00\x00\x00\x28\x4a\x72\x8c\xa4\x10" M16 
  "\x61\x08\x6d\x6b\x82\x10\x00\x00\x00\x00\x20\x00\xe6\x39\x88\x52\xe9\x5a\x2b\x63\x6b\x6b\x8c\x73\xcd\x7b\xee\x7b\x0e\x7c\x0e" "\x84" M0 M0 M0 M0 M0 M0 M0 M0 M0 M0 M14 
  "\xcd\x7b\x8c\x73\x2b\x6b\xea\x5a\xa9\x52\x67\x4a\x06\x3a" M27 "\x82\x10\xef\x7b\x81\x10" M22 
  "\x20\x00\x41\x08\x41\x08\x6b\x52\xcf\x7b\x41\x10\x00\x00\x21\x00\xa9\x00\x0e\x01\xee\x00\xcd\x00\xa9\x00\x02\x00\x00\x00\x00" "\x00\x01\x00\x66\x00\xcb\x00\xee\x00\x0f\x01\xed\x00\x63\x00\x00\x00\x00\x00\x28\x4a\x72\x8c\xa4\x10" M16 
  "\x61\x08\x6d\x6b\xa2\x10\x00\x00\x00\x00\x20\x00\xe6\x39\x88\x52\xe9\x5a\x2b\x63\x6b\x6b\x8c\x73\xcd\x7b\xee\x7b\x0e\x7c\x0e" "\x84" M0 M0 M0 M0 M0 M0 M0 M0 M0 M0 M14 
  "\xcd\x7b\x8c\x73\x2b\x6b\xea\x5a\xa9\x52\x67\x4a\xe6\x39" M27 "\x82\x10\xef\x7b\x61\x08" M22 
  "\x20\x00\x41\x08\x41\x08\x6b\x52\xcf\x7b\x41\x10\x00\x00\x21\x00\xa9\x00\x0e\x01\xee\x00\xcd\x00\xa9\x00\x02\x00\x00\x00\x00" "\x00\x01\x00\x66\x00\xcb\x00\xee\x00\x0f\x01\xed\x00\x63\x00\x00\x00\x00\x00\x28\x4a\x72\x8c\xa4\x10" M16 
  "\x61\x08\x6d\x6b\xa2\x10\x00\x00\x00\x00\x20\x00\xe6\x39\x88\x52\xe9\x5a\x2b\x63\x6b\x6b\x8c\x73\xcd\x7b\xee\x7b\x0e\x7c\x0e" "\x84" M0 M0 M0 M0 M0 M0 M0 M0 M0 M0 M14 
  "\xcd\x7b\x8c\x73\x2b\x6b\xea\x5a\xa9\x52\x67\x4a\xe6\x39" M27 "\xa2\x10\xcf\x7b" M21 
  "\x20\x00\x41\x08\x41\x08\x6b\x52\xcf\x7b\x41\x10\x00\x00\x21\x00\xa9\x00\x0e\x01\xee\x00\xcd\x00\xa9\x00\x02\x00\x00\x00\x00" "\x00\x01\x00\x66\x00\xcb\x00\xee\x00\x0f\x01\xed\x00\x63\x00\x00\x00\x00\x00\x28\x4a\x72\x8c\xa4\x10" M16 
  "\x61\x08\x6d\x6b\xa2\x10\x00\x00\x00\x00\x20\x00\xe6\x39\x88\x4a\xea\x5a\x2b\x6b\x6b\x6b\x8c\x73\xcd\x7b\xee\x7b\x0e\x7c\x0e" "\x84" M0 M0 M0 M0 M0 M0 M0 M0 M0 M0 M17 
  "\xee\x7b\xcd\x7b\x8c\x73\x2b\x6b\xea\x62\xa9\x5a\x67\x4a\xe5\x39" M27 "\xa2\x10\xcf\x7b" M21 
  "\x20\x00\x41\x08\x41\x08\x6b\x52\xce\x7b\x41\x10\x00\x00\x21\x00\xa9\x00\x0e\x01\xee\x00\xcd\x00\xa9\x00\x02\x00\x00\x00\x00" "\x00\x01\x00\x66\x00\xcb\x00\xee\x00\x0f\x01\xed\x00\x63\x00\x00\x00\x00\x00\x28\x4a\x72\x8c\xa4\x10" M16 
  "\x61\x08\x6d\x6b\xa2\x10\x00\x00\x00\x00\x20\x00\xe6\x39\x88\x4a\xea\x5a\x2b\x6b\x6b\x6b\x8c\x73\xcd\x7b\xee\x7b\x0e\x7c\x0e" "\x84" M0 M0 M0 M0 M0 M0 M0 M0 M0 M0 M17 
  "\xee\x7b\xcd\x7b\x8c\x73\x2b\x6b\xea\x62\xa9\x5a\x67\x4a\xe5\x39" M27 "\xa2\x10\xcf\x7b" M21 
  "\x20\x00\x41\x08\x41\x08\x6b\x52\xce\x7b\x41\x10\x00\x00\x21\x00\xa9\x00\x0e\x01\xee\x00\xcd\x00\xa9\x00\x02\x00\x00\x00\x00" "\x00\x01\x00\x66\x00\xcb\x00\xee\x00\x0f\x01\xed\x00\x63\x00\x00\x00\x00\x00\x28\x4a\x72\x8c\xa4\x10" M16 
  "\x61\x08\x6d\x6b\xa2\x10\x00\x00\x00\x00\x20\x00\xe6\x39\x88\x4a\xea\x5a\x2b\x6b\x4b\x6b\x8c\x73\xcd\x7b\xee\x7b\x0e\x7c\x0e" "\x84\x0e\x84" M0 M0 M0 M0 M0 M0 M0 M0 M0 M0 M20 
  "\xee\x7b\xcd\x7b\x8c\x73\x2b\x6b\xea\x62\xa9\x5a\x67\x4a\xe5\x39" M27 "\xa2\x10\xce\x7b" M21 
  "\x20\x00\x41\x08\x41\x08\x6b\x52\xce\x7b\x41\x10\x00\x00\x21\x00\xa9\x00\x0e\x01\xee\x00\xcd\x00\xa9\x00\x02\x00\x00\x00\x00" "\x00\x01\x00\x66\x00\xcb\x00\xee\x00\x0f\x01\xed\x00\x63\x00\x00\x00\x00\x00\x28\x4a\x72\x8c\xa4\x10" M16 
  "\x61\x08\x6d\x6b\xa2\x10\x00\x00\x00\x00\x20\x00\xc6\x39\x88\x4a\xe9\x5a\x2b\x63\x4b\x6b\x8c\x73\xcd\x7b\xee\x7b\x0e\x7c\x0e" "\x84\x0e\x84" M0 M0 M0 M0 M0 M0 M0 M0 M0 M0 M17 
  "\xcd\x7b\x8c\x73\x2b\x6b\xea\x62\xa9\x5a\x67\x4a\xe5\x39" M27 "\xa2\x10\xcf\x7b" M21 
  "\x20\x00\x41\x08\x41\x08\x6b\x52\xce\x7b\x41\x10\x00\x00\x21\x00\xa9\x00\x0e\x01\xee\x00\xcd\x00\xa9\x00\x02\x00\x00\x00\x00" "\x00\x01\x00\x66\x00\xcb\x00\xee\x00\x0f\x01\xed\x00\x63\x00\x00\x00\x00\x00\x28\x4a\x72\x8c\xa4\x10" M16 
  "\x61\x08\x6d\x6b\xa2\x10\x00\x00\x00\x00\x20\x00\xe6\x39\x88\x4a\xe9\x5a\x2b\x63\x4b\x6b\x8c\x73\xcd\x7b\xee\x7b\x0e\x7c\x0e" "\x84\x0e\x84" M0 M0 M0 M0 M0 M0 M0 M0 M0 M0 M20 
  "\xee\x7b\xcd\x7b\x8c\x73\x2b\x6b\xea\x62\xc9\x5a\x67\x4a\xe5\x39" M27 "\xa2\x10\xcf\x7b" M21 
  "\x20\x00\x41\x08\x41\x08\x6b\x52\xce\x7b\x41\x10\x00\x00\x21\x00\xa9\x00\x0e\x01\xee\x00\xcd\x00\xa9\x00\x02\x00\x00\x00\x00" "\x00\x01\x00\x66\x00\xcb\x00\xee\x00\x0f\x01\xed\x00\x63\x00\x00\x00\x00\x00\x28\x4a\x72\x8c\xa4\x10" M16 
  "\x61\x08\x6d\x6b\xa2\x10\x00\x00\x00\x00\x20\x00\xe6\x39\x88\x4a\xe9\x5a\x2b\x63\x4b\x6b\x8c\x73\xcd\x7b\xee\x7b\x0e\x7c\x0e" "\x84" M0 M0 M0 M0 M0 M0 M0 M0 M0 M0 M17 
  "\xee\x7b\xcd\x7b\x8c\x73\x2b\x6b\xea\x62\xa9\x5a\x67\x4a\xe5\x39" M27 "\xa2\x10\xcf\x7b" M21 
  "\x20\x00\x41\x08\x41\x08\x6b\x52\xce\x7b\x41\x10\x00\x00\x21\x00\xa9\x00\x0e\x01\xee\x00\xcd\x00\xa9\x00\x02\x00\x00\x00\x00" "\x00\x01\x00\x66\x00\xcb\x00\xee\x00\x0f\x01\xed\x00\x63\x00\x00\x00\x00\x00\x28\x4a\x72\x8c\xa4\x10" M16 
  "\x61\x08\x6d\x6b\xa2\x10\x00\x00\x00\x00\x20\x00\xe6\x39\x68\x4a\xe9\x5a\x2b\x63\x4b\x6b\x8c\x73\xcd\x7b\xee\x7b\x0e\x7c\x0e" "\x84" M0 M0 M0 M0 M0 M0 M0 M0 M0 M0 M17 
  "\xee\x7b\xcd\x7b\x8c\x73\x2b\x6b\xea\x62\xa9\x5a\x67\x4a\xe5\x39" M27 "\xa2\x10\xce\x7b" M21 
  "\x20\x00\x41\x08\x41\x08\x6b\x52\xce\x7b\x41\x10\x00\x00\x21\x00\xa9\x00\x0e\x01\xee\x00\xcd\x00\xa9\x00\x02\x00\x00\x00\x00" "\x00\x01\x00\x66\x00\xcb\x00\xee\x00\x0f\x01\xed\x00\x63\x00\x00\x00\x00\x00\x28\x4a\x72\x8c\xa4\x10" M16 
  "\x61\x08\x4d\x6b\xa2\x10\x00\x00\x00\x00\x20\x00\xc5\x39\x68\x4a\xc9\x5a\x2a\x63\x4b\x6b\x8c\x73\xad\x7b\xee\x7b\x0e\x7c\x0e" "\x84" M0 M0 M0 M0 M0 M0 M0 M0 M0 M0 M17 
  "\xee\x7b\xcd\x7b\x8c\x73\x2b\x6b\xea\x5a\xa9\x52\x67\x4a\xe5\x39" M27 "\xa2\x10\xae\x73" M21 
  "\x20\x00\x41\x08\x41\x08\x6b\x52\xce\x7b\x41\x10\x00\x00\x21\x00\xa9\x00\x0e\x01\xee\x00\xcd\x00\xa9\x00\x02\x00\x00\x00\x00" "\x00\x01\x00\x66\x00\xcb\x00\xee\x00\x0f\x01\xed\x00\x63\x00\x00\x00\x00\x00\x28\x4a\x72\x8c\xa4\x10" M16 
  "\x41\x08\x4c\x63\xa2\x10\x00\x00\x00\x00\x20\x00\xc5\x31\x67\x4a\xc9\x5a\x2a\x63\x4b\x6b\x8c\x73\xad\x7b\xee\x7b\x0e\x7c\x0e" "\x84" M0 M0 M0 M0 M0 M0 M0 M0 M0 M0 M17 
  "\xee\x7b\xcd\x7b\x8c\x73\x2b\x6b\xe9\x5a\x88\x52\x47\x4a\xc5\x39" M27 "\xa2\x10\xae\x73" M21 
  "\x20\x00\x41\x08\x41\x08\x6b\x52\xce\x7b\x41\x10\x00\x00\x21\x00\xa9\x00\x0e\x01\xee\x00\xcd\x00\xa9\x00\x02\x00\x00\x00\x00" "\x00\x01\x00\x66\x00\xcb\x00\xee\x00\x0f\x01\xed\x00\x63\x00\x00\x00\x00\x00\x28\x4a\x72\x8c\xa4\x10" M16 
  "\x41\x08\x4c\x63\xa2\x10\x00\x00\x00\x00\x20\x00\xc5\x31\x67\x4a\xc9\x5a\x2a\x63\x4b\x6b\x8c\x73\xad\x7b\xed\x7b\x0e\x7c\x0e" "\x84" M0 M0 M0 M0 M0 M0 M0 M0 M0 M0 M17 
  "\xee\x7b\xcd\x7b\x8c\x73\x2b\x6b\xe9\x5a\x88\x52\x47\x4a\xc5\x39" M27 "\xa2\x10\xae\x73" M21 
  "\x20\x00\x41\x08\x41\x08\x6b\x52\xce\x7b\x41\x10\x00\x00\x21\x00\xa9\x00\x0e\x01\xee\x00\xcd\x00\xa9\x00\x02\x00\x00\x00\x00" "\x00\x01\x00\x66\x00\xcb\x00\xee\x00\x0f\x01\xed\x00\x63\x00\x00\x00\x00\x00\x28\x4a\x72\x8c\xa4\x10" M16 
  "\x41\x08\x4c\x6b\xa2\x10\x00\x00\x00\x00\x20\x00\xc5\x31\x67\x4a\xc9\x5a\x0a\x63\x4b\x6b\x8c\x73\xad\x7b\xee\x7b\x0e\x7c\x0e" "\x84\x0e\x84" M0 M0 M0 M0 M0 M0 M0 M0 M0 M0 M20 
  "\xee\x7b\xcd\x7b\x8c\x73\x2b\x63\xe9\x5a\x88\x52\x47\x4a\xc5\x39" M27 "\xa2\x10\xae\x73" M21 
  "\x20\x00\x41\x08\x41\x08\x6b\x52\xce\x7b\x41\x10\x00\x00\x21\x00\xa9\x00\x0e\x01\xee\x00\xcd\x00\xa9\x00\x02\x00\x00\x00\x00" "\x00\x01\x00\x66\x00\xcb\x00\xee\x00\x0f\x01\xed\x00\x63\x00\x00\x00\x00\x00\x28\x4a\x72\x8c\xa4\x10" M16 
  "\x41\x08\x4c\x6b\xa2\x10\x00\x00\x00\x00\x20\x00\xc5\x31\x67\x4a\xc9\x5a\x0a\x63\x4b\x6b\x8c\x73\xad\x7b\xee\x7b\x0e\x7c\x0e" "\x84\x0e\x84" M0 M0 M0 M0 M0 M0 M0 M0 M0 M0 M20 
  "\xee\x7b\xcd\x7b\x8c\x73\x2b\x63\xe9\x5a\x88\x52\x47\x4a\xc5\x39" M27 "\xa2\x10\xae\x73" M21 
  "\x20\x00\x41\x08\x41\x08\x6b\x52\xce\x7b\x41\x10\x00\x00\x21\x00\xa9\x00\x0e\x01\xee\x00\xcd\x00\xa9\x00\x02\x00\x00\x00\x00" "\x00\x01\x00\x66\x00\xcb\x00\xee\x00\x0f\x01\xed\x00\x63\x00\x00\x00\x00\x00\x28\x4a\x72\x8c\xa4\x10" M16 
  "\x41\x08\x4c\x6b\xa2\x10\x00\x00\x00\x00\x20\x00\xc5\x31\x67\x4a\xc9\x5a\x0a\x63\x4b\x6b\x8c\x73\xad\x7b\xed\x7b\x0e\x7c\x0e" "\x84" M0 M0 M0 M17 
  "\x0e\x84\x0e\x84\x0e\x84" M0 
  M0 
  M0 
  M0 
  M0 
  M0 
  M3 
  "\xee\x7b\xcd\x7b\x8c\x73\x2b\x6b\xe9\x5a\x88\x52\x47\x4a\xc5\x39" M27 "\xa2\x10\xae\x73" M21 
  "\x20\x00\x41\x08\x41\x08\x6b\x52\xce\x7b\x41\x10\x00\x00\x21\x00\xa9\x00\x0e\x01\xee\x00\xcd\x00\xa9\x00\x02\x00\x00\x00\x00" "\x00\x01\x00\x66\x00\xcb\x00\xee\x00\x0f\x01\xed\x00\x63\x00\x00\x00\x00\x00\x28\x4a\x72\x8c\xa4\x10" M16 
  "\x61\x08\x4c\x6b\xa2\x10\x00\x00\x00\x00\x20\x00\xc5\x31\x67\x4a\xc9\x5a\x0a\x63\x4b\x6b\x8c\x73\xad\x7b\xed\x7b\x0e\x7c\x0e" "\x84" M0 M0 M0 M17 
  "\x0e\x84\x0e\x84\x0e\x84\x0e\x84" M0 M0 M0 M0 M0 M0 M4 
  "\xee\x7b\xcd\x7b\x8c\x73\x2b\x6b\xe9\x5a\x88\x52\x47\x4a\xc5\x39" M27 "\xa2\x10\xae\x73" M21 
  "\x20\x00\x41\x08\x41\x08\x6b\x52\xce\x7b\x41\x10\x00\x00\x21\x00\xa9\x00\x0e\x01\xee\x00\xcd\x00\xa9\x00\x02\x00\x00\x00\x00" "\x00\x01\x00\x66\x00\xcb\x00\xee\x00\x0f\x01\xed\x00\x63\x00\x00\x00\x00\x00\x28\x4a\x52\x8c\xa4\x10" M16 
  "\x41\x08\x4c\x6b\xa2\x10\x00\x00\x00\x00\x20\x00\xc5\x31\x67\x4a\xc9\x5a\x0a\x63\x4b\x6b\x8c\x73\xad\x7b\xee\x7b\x0e\x7c\x0e" "\x84" M0 M0 M0 M17 
  "\x0e\x84\x0e\x84\x0e\x84\x0e\x84" M0 M0 M0 M0 M0 M0 M4 
  "\xee\x7b\xcd\x7b\x8c\x73\x2b\x6b\xe9\x5a\xa8\x52\x47\x4a\xc5\x39" M27 "\xa2\x10\x8e\x73" M21 
  "\x20\x00\x41\x08\x41\x08\x8b\x52\xce\x7b\x41\x08\x00\x00\x21\x00\xa9\x00\x0e\x01\xee\x00\xcd\x00\xa9\x00\x02\x00\x00\x00\x00" "\x00\x01\x00\x66\x00\xcb\x00\xee\x00\x0f\x01\xed\x00\x63\x00\x00\x00\x00\x00\x28\x4a\x52\x8c\xa4\x10" M16 
  "\x61\x08\x2c\x63\xa2\x10\x00\x00\x00\x00\x20\x00\xa5\x31\x67\x4a\xc9\x5a\x0a\x63\x4b\x6b\x8c\x73\xad\x7b\xed\x7b\x0e\x7c\x0e" "\x84" M0 M0 M0 M0 M0 M0 M0 M0 M0 M0 M14 
  "\xcd\x7b\x8c\x73\x2b\x6b\xe9\x5a\x88\x52\x47\x4a\xc5\x39" M27 "\xa3\x10\x8e\x73" M21 
  "\x20\x00\x41\x08\x41\x08\x8b\x52\xce\x7b\x41\x08\x00\x00\x21\x00\xa9\x00\x0e\x01\xee\x00\xcd\x00\xa9\x00\x02\x00\x00\x00\x00" "\x00\x01\x00\x66\x00\xcb\x00\xee\x00\x0f\x01\xed\x00\x63\x00\x00\x00\x00\x00\x28\x4a\x52\x8c\xa4\x10" M16 "\x61\x08\x2d\x63\xa2\x10" M27 
  "\xa5\x31\x67\x4a\xc9\x52\x0a\x63\x4b\x6b\x8c\x73\xad\x7b\xed\x7b\x0e\x7c\x0e\x84" M0 M0 M0 M0 M0 M0 M0 M0 M0 M5 "\xee\x7b" M6 
  "\xee\x7b\xcd\x7b\x8c\x73\x2b\x6b\xc9\x5a\x88\x52\x47\x42\xa5\x31" M27 "\xc3\x18\x8e\x73" M21 
  "\x20\x00\x41\x08\x41\x08\x8b\x52\xce\x7b\x41\x08\x00\x00\x21\x00\xa9\x00\x0e\x01\xee\x00\xcd\x00\xa9\x00\x02\x00\x00\x00\x00" "\x00\x01\x00\x66\x00\xcb\x00\xee\x00\x0f\x01\xed\x00\x63\x00\x00\x00\x00\x00\x28\x4a\x52\x8c\xa4\x10" M16 "\x61\x08\x2d\x63\xa2\x10" M27 
  "\xa5\x31\x67\x4a\xc9\x52\x0a\x63\x4b\x6b\x8c\x73\xad\x7b\xed\x7b\x0e\x7c\x0e\x84" M0 M0 M0 M0 M0 M0 M0 M0 M0 M5 "\xee\x7b" M6 
  "\xee\x7b\xcd\x7b\x8c\x73\x2b\x6b\xc9\x5a\x88\x4a\x47\x42\xa5\x31" M27 "\xc3\x18\x8e\x73" M21 
  "\x20\x00\x41\x08\x41\x08\x8c\x52\xce\x7b\x41\x08\x00\x00\x21\x00\xa9\x00\x0e\x01\xee\x00\xcd\x00\xa9\x00\x02\x00\x00\x00\x00" "\x00\x01\x00\x66\x00\xcb\x00\xee\x00\x0f\x01\xed\x00\x63\x00\x00\x00\x00\x00\x28\x4a\x52\x8c\xa4\x10" M16 "\x61\x08\x2d\x63\xa2\x10" M27 
  "\xa5\x31\x67\x4a\xc9\x52\x0a\x63\x4b\x6b\x8c\x73\xad\x7b\xed\x7b\x0e\x7c\x0e\x84\x0e\x84" M0 M0 M0 M0 M0 M0 M0 M0 M0 M6 "\xee\x7b" M6 
  "\xee\x7b\xcd\x7b\x8c\x73\x2b\x6b\xc9\x5a\x88\x52\x47\x42\xa5\x31" M27 "\xc3\x18\x8e\x73" M21 
  "\x20\x00\x41\x08\x41\x08\x8c\x52\xce\x7b\x41\x08\x00\x00\x21\x00\xa9\x00\x0e\x01\xee\x00\xcd\x00\xa9\x00\x02\x00\x00\x00\x00" "\x00\x01\x00\x66\x00\xcb\x00\xee\x00\x0f\x01\xed\x00\x63\x00\x00\x00\x00\x00\x28\x4a\x52\x8c\xa4\x10" M16 "\x61\x08\x2d\x63\xa2\x10" M27 
  "\xa5\x31\x67\x4a\xc9\x52\x0a\x63\x4b\x6b\x8c\x73\xad\x7b\xed\x7b" M0 M0 M0 M0 M0 M0 M0 M0 M0 M3 "\xee\x7b" M6 
  "\xee\x7b\xcd\x7b\x8c\x73\x2b\x6b\xc9\x5a\x88\x52\x47\x42\xa5\x31" M27 "\xc3\x18\x8e\x73" M21 
  "\x20\x00\x41\x08\x41\x08\x8c\x52\xce\x7b\x41\x08\x00\x00\x21\x00\xa9\x00\x0e\x01\xee\x00\xcd\x00\xa9\x00\x02\x00\x00\x00\x00" "\x00\x01\x00\x66\x00\xcb\x00\xee\x00\x0f\x01\xed\x00\x63\x00\x00\x00\x00\x00\x28\x4a\x52\x8c\xa4\x10" M16 "\x61\x08\x2d\x63\xa2\x10" M27 
  "\xa5\x31\x67\x4a\xa9\x52\x0a\x63\x4b\x6b\x8c\x73\xad\x7b\xed\x7b\xee\x7b" M0 M0 M0 M0 M0 M0 M0 M0 M0 M4 "\xee\x7b" M6 
  "\xee\x7b\xcd\x7b\x8c\x73\x2b\x6b\xc9\x5a\x88\x4a\x47\x42\xa5\x31" M27 "\xc3\x18\x8e\x73" M21 
  "\x20\x00\x41\x08\x41\x08\x8c\x52\xce\x7b\x41\x08\x00\x00\x21\x00\xa9\x00\x0e\x01\xee\x00\xcd\x00\xa9\x00\x02\x00\x00\x00\x00" "\x00\x01\x00\x66\x00\xcb\x00\xee\x00\x0f\x01\xed\x00\x63\x00\x00\x00\x00\x00\x28\x4a\x52\x8c\xa3\x10" M16 "\x61\x08\x2d\x63\xa2\x10" M27 
  "\xa5\x31\x67\x4a\xa9\x52\x0a\x63\x4b\x6b\x8c\x73\xad\x7b\xcd\x7b\xee\x7b" M0 M0 M0 M0 M0 M0 M0 M0 M0 M5 "\xee\x7b" M5 
  "\xee\x7b\xcd\x7b\x8c\x73\x2b\x63\xc9\x5a\x88\x52\x47\x42\xa5\x31" M27 "\xc3\x18\x8e\x73" M21 
  "\x20\x00\x41\x08\x41\x08\x8c\x52\xce\x7b\x41\x08\x00\x00\x21\x00\xa9\x00\x0e\x01\xee\x00\xcd\x00\xa9\x00\x02\x00\x00\x00\x00" "\x00\x01\x00\x66\x00\xcb\x00\xee\x00\x0f\x01\xed\x00\x63\x00\x00\x00\x00\x00\x28\x4a\x52\x8c\xa3\x10" M16 "\x61\x08\x2d\x63\xa2\x10" M27 
  "\xa5\x31\x47\x4a\xc9\x52\x0a\x63\x4b\x6b\x8c\x73\xad\x7b\xcd\x7b\xee\x7b" M0 M0 M0 M0 M0 M0 M0 M0 M0 M6 
  "\xee\x7b\xee\x7b" M5 
  "\xee\x7b\xcd\x7b\x8c\x73\x2b\x63\xc9\x5a\x88\x52\x47\x42\xa5\x31" M27 "\xc3\x18\x8e\x73" M21 
  "\x20\x00\x41\x08\x41\x08\x8c\x52\xce\x7b\x41\x08\x00\x00\x21\x00\xa9\x00\x0e\x01\xee\x00\xcd\x00\xa9\x00\x02\x00\x00\x00\x00" "\x00\x01\x00\x66\x00\xcb\x00\xee\x00\x0f\x01\xed\x00\x63\x00\x00\x00\x00\x00\x28\x4a\x52\x8c\xa3\x10" M16 "\x61\x08\x2d\x63\xa2\x10" M27 
  "\xa5\x31\x47\x4a\xa9\x52\x0a\x63\x4b\x6b\x8c\x73\xad\x73\xcd\x7b\xee\x7b" M0 M0 M0 M0 M0 M0 M0 M0 M0 M6 
  "\xee\x7b\xee\x7b" M5 
  "\xee\x7b\xcd\x7b\x8c\x73\x2b\x63\xc9\x5a\x88\x4a\x47\x42\xa5\x31" M27 "\xc3\x18\x6e\x6b" M21 
  "\x20\x00\x41\x08\x41\x08\x8c\x52\xce\x7b\x41\x08\x00\x00\x21\x00\xa9\x00\x0e\x01\xee\x00\xcd\x00\xa9\x00\x02\x00\x00\x00\x00" "\x00\x01\x00\x66\x00\xcb\x00\xee\x00\x0f\x01\xed\x00\x63\x00\x00\x00\x00\x00\x28\x4a\x52\x8c\xa3\x10" M16 "\x61\x08\x2c\x63\xc3\x18" M27 
  "\xa5\x31\x47\x4a\xa9\x52\x0a\x63\x4b\x6b\x6c\x73\xad\x73\xcd\x7b\xee\x7b" M0 M0 M0 M0 M0 M0 M0 M0 M0 M6 
  "\xee\x7b\xee\x7b" M5 
  "\xee\x7b\xcd\x7b\x8c\x73\x2b\x63\xc9\x5a\x88\x4a\x47\x42\xa5\x31" M27 "\xc3\x18\x6e\x6b" M21 
  "\x20\x00\x41\x08\x41\x08\x8c\x52\xce\x7b\x41\x08\x00\x00\x21\x00\xa9\x00\x0e\x01\xee\x00\xcd\x00\xa9\x00\x02\x00\x00\x00\x00" "\x00\x01\x00\x66\x00\xcb\x00\xee\x00\x0f\x01\xed\x00\x63\x00\x00\x00\x00\x00\x28\x4a\x52\x8c\xa3\x10" M16 "\x61\x08\x2c\x63\xc3\x18" M27 
  "\xa5\x31\x47\x4a\xa9\x52\x0a\x63\x4b\x6b\x8c\x73\xad\x7b\xcd\x7b\xee\x7b" M0 M0 M0 M0 M0 M0 M0 M0 M0 M6 
  "\xee\x7b\xee\x7b" M5 
  "\xee\x7b\xcd\x7b\x6c\x73\x2b\x63\xc9\x5a\x88\x52\x47\x42\xa5\x31" M27 "\xc3\x18\x6d\x6b" M21 
  "\x20\x00\x41\x08\x41\x08\x8c\x52\xce\x7b\x41\x08\x00\x00\x21\x00\xa9\x00\x0e\x01\xee\x00\xcd\x00\xa9\x00\x02\x00\x00\x00\x00" "\x00\x01\x00\x66\x00\xcb\x00\xee\x00\x0f\x01\xed\x00\x63\x00\x00\x00\x00\x00\x28\x4a\x52\x8c\xa3\x10" M16 "\x61\x08\x2c\x63\xc3\x18" M27 
  "\xa5\x31\x67\x4a\xc9\x52\x0a\x63\x4b\x6b\x8c\x73\xad\x7b\xcd\x7b\xee\x7b" M0 M0 M0 M0 M0 M0 M0 M0 M0 M6 
  "\xee\x7b\xee\x7b" M5 
  "\xee\x7b\xcd\x7b\x6c\x73\x2b\x63\xc9\x5a\x88\x52\x47\x42\xa5\x31" M27 "\xc3\x18\x6d\x6b" M21 
  "\x20\x00\x41\x08\x41\x08\x8c\x52\xce\x7b\x41\x08\x00\x00\x21\x00\xa9\x00\x0e\x01\xee\x00\xcd\x00\xa9\x00\x02\x00\x00\x00\x00" "\x00\x01\x00\x66\x00\xcb\x00\xee\x00\x0f\x01\xed\x00\x63\x00\x00\x00\x00\x00\x28\x4a\x52\x8c\xa3\x10" M16 "\x61\x08\x2c\x63\xc3\x18" M27 
  "\xa5\x31\x67\x4a\xc9\x52\x0a\x63\x4b\x6b\x8c\x73\xad\x7b\xed\x7b\xee\x7b" M0 M0 M0 M0 M0 M0 M0 M0 M0 M6 
  "\xee\x7b\xee\x7b" M5 
  "\xee\x7b\xcd\x7b\x6c\x73\x2b\x63\xc9\x5a\x88\x4a\x47\x42\xa5\x31" M27 "\xc3\x18\x6d\x6b" M21 
  "\x20\x00\x41\x08\x41\x08\x8c\x52\xce\x7b\x41\x08\x00\x00\x21\x00\xa9\x00\x0e\x01\xee\x00\xcd\x00\xa9\x00\x02\x00\x00\x00\x00" "\x00\x01\x00\x66\x00\xcb\x00\xee\x00\x0f\x01\xed\x00\x63\x00\x00\x00\x00\x00\x28\x4a\x52\x8c\xa3\x10" M16 
  "\x61\x08\x2c\x63\xc3\x18\x00\x00\x00\x00\x20\x00\xa5\x31\x67\x4a\xc9\x52\x0a\x63\x4b\x6b\x8c\x73\xad\x7b\xed\x7b\xee\x7b" M0 M0 M0 M0 M0 M0 M0 M0 M0 M6 
  "\xee\x7b\xee\x7b" M5 
  "\xee\x7b\xcd\x73\x6c\x6b\x2b\x63\xc9\x5a\x88\x4a\x47\x42\xa5\x31" M27 "\xc3\x18\x6d\x6b" M21 
  "\x20\x00\x41\x08\x41\x08\x8b\x52\xce\x7b\x41\x08\x00\x00\x21\x00\xa9\x00\x0e\x01\xee\x00\xcd\x00\xa9\x00\x02\x00\x00\x00\x00" "\x00\x01\x00\x66\x00\xcb\x00\xee\x00\x0f\x01\xed\x00\x63\x00\x00\x00\x00\x00\x28\x4a\x52\x8c\xa3\x10" M16 
  "\x61\x08\x2c\x63\xc3\x18\x00\x00\x00\x00\x20\x00\xa5\x31\x67\x4a\xc9\x52\x0a\x63\x4b\x6b\x8c\x73\xad\x7b\xed\x7b\xee\x7b" M0 M0 M0 M0 M0 M0 M0 M0 M0 M6 
  "\xee\x7b\xee\x7b" M5 
  "\xee\x7b\xad\x73\x6c\x6b\x2a\x63\xc9\x5a\x88\x52\x47\x42\xa5\x31" M27 "\xc3\x18\x6d\x6b" M21 
  "\x20\x00\x41\x08\x41\x08\x8b\x52\xce\x7b\x41\x08\x00\x00\x21\x00\xa9\x00\x0e\x01\xee\x00\xcd\x00\xa9\x00\x02\x00\x00\x00\x00" "\x00\x01\x00\x66\x00\xcb\x00\xee\x00\x0f\x01\xed\x00\x63\x00\x00\x00\x00\x00\x28\x4a\x52\x8c\xa3\x10" M16 
  "\x61\x08\x2c\x63\xc3\x18\x00\x00\x00\x00\x20\x00\xa5\x31\x68\x4a\xc9\x52\x0a\x63\x4b\x6b\x8c\x73\xad\x7b\xed\x7b\xee\x7b" M0 M0 M0 M0 M0 M0 M0 M0 M0 M6 
  "\xee\x7b\xee\x7b" M5 
  "\xee\x7b\xad\x73\x6c\x6b\x2b\x63\xc9\x5a\x88\x4a\x47\x42\xa5\x31" M27 "\xc3\x18\x6d\x6b" M21 
  "\x20\x00\x41\x08\x41\x08\x8b\x52\xce\x7b\x41\x08\x00\x00\x21\x00\xa9\x00\x0e\x01\xee\x00\xcd\x00\xa9\x00\x02\x00\x00\x00\x00" "\x00\x01\x00\x66\x00\xcb\x00\xee\x00\x0f\x01\xed\x00\x63\x00\x00\x00\x00\x00\x28\x4a\x52\x8c\xa3\x10" M16 "\x61\x08\x2c\x63\xc3\x18" M27 
  "\xa5\x31\x68\x4a\xa9\x52\x0a\x63\x4b\x6b\x8c\x73\xad\x73\xed\x7b\xee\x7b" M0 M0 M0 M0 M0 M0 M0 M0 M0 M5 "\xee\x7b" M5 
  "\xee\x7b\xcd\x73\x6c\x73\x2b\x6b\xc9\x5a\x88\x4a\x47\x42\xa5\x31" M27 "\xc3\x18\x6d\x6b" M21 
  "\x20\x00\x41\x08\x41\x08\x8b\x52\xce\x7b\x41\x08\x00\x00\x21\x00\xa9\x00\x0e\x01\xee\x00\xcd\x00\xa9\x00\x02\x00\x00\x00\x00" "\x00\x01\x00\x66\x00\xcb\x00\xee\x00\x0f\x01\xed\x00\x63\x00\x00\x00\x00\x00\x28\x4a\x52\x8c\xa3\x10" M16 "\x41\x08\x0c\x63\xc3\x18" M27 
  "\x85\x31\x68\x4a\xa8\x52\x0a\x63\x4b\x6b\x8c\x73\xad\x73\xed\x7b\xee\x7b" M0 M0 M0 M0 M0 M0 M0 M0 M0 M5 "\xee\x7b" M5 
  "\xee\x7b\xcd\x73\x6c\x6b\x2b\x63\xc9\x5a\x88\x4a\x47\x42\x85\x31" M27 "\xe3\x18\x4d\x6b" M21 
  "\x20\x00\x41\x08\x41\x08\x8b\x52\xce\x7b\x41\x08\x00\x00\x21\x00\xa9\x00\x0e\x01\xee\x00\xcd\x00\xa9\x00\x02\x00\x00\x00\x00" "\x00\x01\x00\x66\x00\xcb\x00\xee\x00\x0f\x01\xed\x00\x63\x00\x00\x00\x00\x00\x28\x4a\x52\x8c\xa3\x10" M16 "\x41\x08\x0c\x63\xc3\x18" M27 
  "\x64\x29\x67\x4a\xa8\x52\x0a\x63\x4b\x6b\x8c\x73\xad\x73\xed\x7b\xee\x7b" M0 M0 M0 M0 M0 M0 M0 M0 M0 M0 M14 
  "\xee\x7b\xad\x73\x6c\x6b\x2a\x63\xc9\x52\x88\x4a\x47\x42\x64\x29" M27 "\xe3\x18\x4d\x6b" M21 
  "\x20\x00\x41\x08\x41\x08\x8b\x52\xce\x7b\x41\x08\x00\x00\x21\x00\xa9\x00\x0e\x01\xee\x00\xcd\x00\xa9\x00\x02\x00\x00\x00\x00" "\x00\x01\x00\x66\x00\xcb\x00\xee\x00\x0f\x01\xed\x00\x63\x00\x00\x00\x00\x00\x28\x4a\x52\x8c\xa3\x10" M16 "\x41\x08\x0c\x63\xc3\x18" M27 
  "\x64\x29\x67\x4a\xa8\x52\xea\x5a\x4b\x6b\x8c\x6b\xad\x73\xed\x7b\x0e\x7c\x0e\x84" M0 M0 M0 M0 M0 M0 M0 M0 M0 M0 M17 
  "\xee\x7b\xad\x73\x6c\x6b\x2a\x63\xc9\x52\x68\x4a\x47\x42\x64\x29" M27 "\xe3\x18\x4d\x6b" M21 
  "\x20\x00\x41\x08\x41\x08\x8b\x52\xce\x7b\x41\x08\x00\x00\x21\x00\xa9\x00\x0e\x01\xee\x00\xcd\x00\xa9\x00\x02\x00\x00\x00\x00" "\x00\x01\x00\x66\x00\xcb\x00\xee\x00\x0f\x01\xed\x00\x63\x00\x00\x00\x00\x00\x28\x4a\x52\x8c\xa3\x10" M16 "\x41\x08\x0c\x63\xc3\x18" M27 
  "\x64\x29\x67\x4a\xa8\x52\xea\x5a\x4b\x6b\x8c\x6b\xad\x73\xed\x7b\x0e\x7c\x0e\x84" M0 M0 M0 M0 M0 M0 M0 M0 M0 M0 M17 
  "\xee\x7b\xad\x73\x6c\x6b\x2a\x63\xc9\x52\x68\x4a\x47\x42\x64\x29" M27 "\xe3\x18\x4d\x6b" M21 
  "\x20\x00\x41\x08\x41\x08\x8b\x52\xce\x7b\x41\x08\x00\x00\x21\x00\xa9\x00\x0e\x01\xee\x00\xcd\x00\xa9\x00\x02\x00\x00\x00\x00" "\x00\x01\x00\x66\x00\xcb\x00\xee\x00\x0f\x01\xed\x00\x63\x00\x00\x00\x00\x00\x28\x4a\x52\x8c\xa3\x10" M16 "\x41\x08\x0c\x63\xc3\x18" M27 
  "\x64\x29\x67\x4a\xa8\x52\xea\x5a\x4b\x6b\x8c\x6b\xad\x73\xed\x7b\x0e\x7c\x0e\x84" M0 M0 M0 M0 M0 M0 M0 M0 M0 M0 M17 
  "\xee\x7b\xad\x73\x6c\x6b\x2a\x63\xc9\x52\x68\x4a\x47\x42\x64\x29" M27 "\xe3\x18\x4d\x6b" M21 
  "\x20\x00\x41\x08\x41\x08\x8b\x52\xce\x7b\x41\x08\x00\x00\x21\x00\xa9\x00\x0e\x01\xee\x00\xcd\x00\xa9\x00\x02\x00\x00\x00\x00" "\x00\x01\x00\x66\x00\xcb\x00\xee\x00\x0f\x01\xed\x00\x63\x00\x00\x00\x00\x00\x28\x4a\x52\x8c\xa3\x10" M16 "\x41\x08\x0c\x63\xc3\x18" M27 
  "\x64\x29\x47\x4a\xa8\x52\xea\x5a\x4b\x6b\x8c\x6b\xac\x73\xed\x7b\xee\x7b\x0e\x84" M0 M0 M0 M0 M0 M0 M0 M0 M0 M0 M17 
  "\xee\x7b\xad\x73\x6c\x6b\x2a\x63\xc9\x52\x68\x4a\x47\x42\x64\x29" M27 "\xe3\x18\x4d\x6b" M21 
  "\x20\x00\x41\x08\x41\x08\x8b\x52\xce\x7b\x41\x08\x00\x00\x21\x00\xa9\x00\x0e\x01\xee\x00\xcd\x00\xa9\x00\x02\x00\x00\x00\x00" "\x00\x01\x00\x66\x00\xcb\x00\xee\x00\x0f\x01\xed\x00\x63\x00\x00\x00\x00\x00\x28\x4a\x52\x8c\xa3\x10" M16 "\x41\x08\x0c\x63\xc3\x18" M27 
  "\x64\x29\x67\x4a\xa9\x52\xea\x5a\x4b\x6b\x6c\x6b\xac\x73\xcd\x7b\xee\x7b" M0 M0 M0 M0 M0 M0 M0 M0 M0 M0 M14 
  "\xee\x7b\xad\x73\x6b\x6b\x2a\x63\xc9\x52\x68\x4a\x47\x42\x64\x29" M27 "\xe3\x18\x4d\x6b" M21 
  "\x20\x00\x41\x08\x41\x08\x8b\x52\xce\x7b\x41\x08\x00\x00\x21\x00\xa9\x00\x0e\x01\xee\x00\xcd\x00\xa9\x00\x02\x00\x00\x00\x00" "\x00\x01\x00\x66\x00\xcb\x00\xee\x00\x0f\x01\xed\x00\x63\x00\x00\x00\x00\x00\x28\x4a\x52\x8c\xa3\x10" M16 "\x41\x08\x0c\x63\xc3\x18" M27 
  "\x64\x29\x47\x4a\xa8\x52\xea\x5a\x4b\x63\x6b\x6b\xac\x73\xcd\x7b\xee\x7b" M0 M0 M0 M0 M0 M0 M0 M0 M0 M0 M14 
  "\xee\x7b\xad\x73\x6b\x6b\x2a\x63\xc9\x52\x68\x4a\x47\x42\x64\x29" M27 "\xe3\x18\x4d\x6b" M21 
  "\x20\x00\x41\x08\x41\x08\x8b\x52\xce\x7b\x41\x08\x00\x00\x21\x00\xa9\x00\x0e\x01\xee\x00\xcd\x00\xa9\x00\x02\x00\x00\x00\x00" "\x00\x01\x00\x66\x00\xcb\x00\xee\x00\x0f\x01\xed\x00\x63\x00\x00\x00\x00\x00\x28\x4a\x52\x8c\xa3\x10" M16 "\x41\x08\x0c\x63\xe4\x18" M27 
  "\x64\x29\x47\x4a\x88\x52\xe9\x5a\x2b\x63\x6b\x6b\xac\x73\xcd\x7b\xee\x7b" M0 M0 M0 M0 M0 M0 M0 M0 M0 M0 M14 
  "\xee\x7b\xad\x73\x6b\x6b\x0a\x63\xc9\x52\x68\x4a\x27\x42\x44\x29" M27 "\xe3\x18\x4d\x6b" M21 
  "\x20\x00\x41\x08\x41\x08\x8b\x52\xce\x7b\x41\x08\x00\x00\x21\x00\xa9\x00\x0e\x01\xee\x00\xcd\x00\xa9\x00\x02\x00\x00\x00\x00" "\x00\x01\x00\x66\x00\xcb\x00\xee\x00\x0f\x01\xed\x00\x63\x00\x00\x00\x00\x00\x28\x4a\x52\x8c\xa3\x10" M16 "\x41\x08\x0c\x63\x04\x21" M27 
  "\x64\x29\x47\x42\x88\x52\xe9\x5a\x2b\x63\x6b\x6b\x8c\x73\xcd\x7b\xee\x7b" M0 M0 M0 M0 M0 M0 M0 M0 M0 M0 M14 
  "\xee\x7b\xad\x73\x6b\x6b\x0a\x63\xc9\x52\x68\x4a\x27\x42\x44\x21" M27 "\xe4\x18\x4d\x6b" M21 
  "\x20\x00\x41\x08\x41\x08\x8b\x52\xce\x7b\x41\x08\x00\x00\x21\x00\xa9\x00\x0e\x01\xee\x00\xcd\x00\xa9\x00\x02\x00\x00\x00\x00" "\x00\x01\x00\x66\x00\xcb\x00\xee\x00\x0f\x01\xed\x00\x63\x00\x00\x00\x00\x00\x28\x4a\x52\x8c\xa3\x10" M16 "\x41\x08\xec\x5a\x04\x21" M27 
  "\x64\x29\x27\x42\x88\x52\xea\x5a\x2b\x63\x4b\x6b\x8c\x73\xcd\x73\xed\x7b\x0d\x7c" M0 M0 M0 M0 M0 M0 M0 M0 M0 M0 M17 
  "\xee\x7b\xad\x73\x6b\x6b\x0a\x63\xc9\x5a\x68\x4a\x26\x42\x44\x21" M27 "\xe4\x18\x2d\x63" M21 
  "\x20\x00\x41\x08\x41\x08\x8b\x52\xce\x7b\x41\x08\x00\x00\x21\x00\xa9\x00\x0e\x01\xee\x00\xcd\x00\xa9\x00\x02\x00\x00\x00\x00" "\x00\x01\x00\x66\x00\xcb\x00\xee\x00\x0f\x01\xed\x00\x63\x00\x00\x00\x00\x00\x28\x4a\x52\x8c\xa3\x10" M16 "\x41\x08\xec\x5a\x04\x21" M27 
  "\x64\x29\x27\x42\x88\x52\xea\x5a\x2b\x63\x4b\x6b\x8c\x73\xcd\x73\xed\x7b\xed\x7b" M0 M0 M0 M0 M0 M0 M0 M0 M0 M0 M17 
  "\xee\x7b\xad\x73\x6b\x6b\x0a\x63\xc9\x5a\x68\x4a\x26\x42\x44\x21" M27 "\xe4\x18\x2d\x63" M21 
  "\x20\x00\x41\x08\x41\x08\x8b\x52\xce\x7b\x41\x08\x00\x00\x21\x00\xa9\x00\x0e\x01\xee\x00\xcd\x00\xa9\x00\x02\x00\x00\x00\x00" "\x00\x01\x00\x66\x00\xcb\x00\xee\x00\x0f\x01\xed\x00\x63\x00\x00\x00\x00\x00\x28\x4a\x52\x8c\xa3\x10" M16 "\x41\x08\xec\x5a\x04\x21" M27 
  "\x44\x29\x27\x42\x88\x52\xea\x5a\x2b\x63\x4b\x6b\x8c\x6b\xcd\x73\xed\x7b\xed\x7b" M0 M0 M0 M0 M0 M0 M0 M0 M0 M0 M17 
  "\xee\x7b\xac\x73\x6b\x6b\x0a\x63\xc9\x5a\x68\x4a\x26\x42\x44\x21" M27 "\xe4\x18\x2d\x63" M21 
  "\x20\x00\x41\x08\x41\x08\x8b\x52\xce\x7b\x41\x08\x00\x00\x21\x00\xa9\x00\x0e\x01\xee\x00\xcd\x00\xa9\x00\x02\x00\x00\x00\x00" "\x00\x01\x00\x66\x00\xcb\x00\xee\x00\x0f\x01\xed\x00\x63\x00\x00\x00\x00\x00\x28\x4a\x52\x8c\xa3\x10" M16 "\x41\x08\xec\x5a\x04\x21" M27 
  "\x44\x29\x27\x42\x88\x4a\xe9\x5a\x2a\x63\x4b\x6b\x8c\x6b\xcd\x73\xed\x7b\xed\x7b" M0 M0 M0 M0 M0 M0 M0 M0 M0 M0 M17 
  "\xed\x7b\xac\x73\x4b\x6b\x0a\x63\xc9\x5a\x68\x4a\x26\x42\x44\x21" M27 "\xe4\x18\x2d\x63" M21 
  "\x20\x00\x41\x08\x41\x08\x8b\x52\xce\x7b\x41\x08\x00\x00\x21\x00\xa9\x00\x0e\x01\xee\x00\xcd\x00\xa9\x00\x02\x00\x00\x00\x00" "\x00\x01\x00\x66\x00\xcb\x00\xee\x00\x0f\x01\xed\x00\x63\x00\x00\x00\x00\x00\x28\x4a\x52\x8c\xa3\x10" M16 "\x41\x08\xec\x5a\x04\x21" M27 
  "\x44\x29\x27\x42\x88\x4a\xe9\x5a\x2a\x63\x4b\x6b\x8c\x6b\xcd\x73\xed\x7b\xed\x7b" M0 M0 M0 M17 "\xee\x7b" M0 M0 M0 M1 "\xee\x7b" M0 M0 M1 
  "\xed\x7b\xac\x73\x4b\x63\x0a\x63\xc9\x5a\x68\x4a\x26\x42\x44\x21" M27 "\xe4\x18\x2d\x63" M21 
  "\x20\x00\x41\x08\x41\x08\x8b\x52\xce\x7b\x41\x08\x00\x00\x21\x00\xa9\x00\x0e\x01\xee\x00\xcd\x00\xa9\x00\x02\x00\x00\x00\x00" "\x00\x01\x00\x66\x00\xcb\x00\xee\x00\x0f\x01\xed\x00\x63\x00\x00\x00\x00\x00\x28\x4a\x52\x8c\xa3\x10" M16 "\x41\x08\xec\x5a\x04\x21" M27 
  "\x44\x29\x27\x42\x88\x4a\xe9\x5a\x2a\x63\x4b\x6b\x8c\x6b\xcd\x73\xed\x7b\xed\x7b\x0d\x7c" M0 M0 M0 M20 "\xee\x7b\xee\x7b" M0 M0 M0 M4 "\xee\x7b\xee\x7b\xee\x7b" M0 M0 M1 
  "\xed\x7b\xad\x73\x4b\x6b\x0a\x63\xc9\x5a\x68\x4a\x26\x42\x44\x21" M27 "\xe3\x18\x2d\x63" M21 
  "\x20\x00\x41\x08\x41\x08\x8b\x52\xce\x7b\x41\x08\x00\x00\x21\x00\xa9\x00\x0e\x01\xee\x00\xcd\x00\xa9\x00\x02\x00\x00\x00\x00" "\x00\x01\x00\x66\x00\xcb\x00\xee\x00\x0f\x01\xed\x00\x63\x00\x00\x00\x00\x00\x28\x4a\x52\x8c\xa3\x10" M16 "\x41\x08\xec\x5a\x04\x21" M27 
  "\x44\x29\x27\x42\x88\x4a\xe9\x5a\x2a\x63\x4b\x6b\x8c\x6b\xcd\x73\xed\x7b\xed\x7b\x0d\x7c" M0 M0 M0 M0 M0 M0 M0 M23 "\xee\x7b" M0 M0 M0 
  "\xee\x7b\xad\x73\x6c\x6b\x0a\x63\xc9\x5a\x67\x4a\x26\x42\x44\x21" M27 "\xe4\x18\x2d\x63" M21 
  "\x20\x00\x41\x08\x41\x08\x8b\x52\xce\x7b\x41\x08\x00\x00\x21\x00\xa9\x00\x0e\x01\xee\x00\xcd\x00\xa9\x00\x02\x00\x00\x00\x00" "\x00\x01\x00\x66\x00\xcb\x00\xee\x00\x0f\x01\xed\x00\x63\x00\x00\x00\x00\x00\x28\x4a\x52\x8c\xa3\x10" M16 "\x41\x08\xeb\x5a\x24\x21" M27 
  "\x44\x29\x27\x42\x88\x4a\xc9\x5a\x2a\x63\x4b\x6b\x6c\x6b\xad\x73\xcd\x7b\xed\x7b\xee\x7b\xee\x7b\xee\x7b" M0 M0 M0 M0 M0 M0 M0 M0 M0 M0 M26 
  "\xee\x7b\xad\x73\x6c\x6b\x0a\x63\xc9\x52\x67\x4a\x27\x42\x24\x21" M27 "\xe4\x18\x2c\x63" M21 
  "\x20\x00\x41\x08\x41\x08\x8b\x52\xce\x7b\x41\x08\x00\x00\x21\x00\xa9\x00\x0e\x01\xee\x00\xcd\x00\xa9\x00\x02\x00\x00\x00\x00" "\x00\x01\x00\x66\x00\xcb\x00\xee\x00\x0f\x01\xed\x00\x63\x00\x00\x00\x00\x00\x28\x4a\x52\x8c\xa3\x10" M16 "\x41\x08\xeb\x5a\x24\x21" M27 
  "\x44\x29\x47\x42\x88\x4a\xc9\x5a\x2a\x63\x4b\x6b\x6c\x6b\xad\x73\xcd\x7b\xcd\x7b\xee\x7b\xee\x7b\xee\x7b" M0 M0 M0 M0 M0 M0 M0 M0 M0 M0 M26 
  "\xee\x7b\xad\x73\x6c\x6b\x0b\x63\xc9\x52\x88\x4a\x27\x42\x23\x21" M27 "\xe4\x18\x0c\x63" M21 
  "\x20\x00\x41\x08\x41\x08\x8b\x52\xce\x7b\x41\x08\x00\x00\x21\x00\xa9\x00\x0e\x01\xee\x00\xcd\x00\xa9\x00\x02\x00\x00\x00\x00" "\x00\x01\x00\x66\x00\xcb\x00\xee\x00\x0f\x01\xed\x00\x63\x00\x00\x00\x00\x00\x28\x4a\x52\x8c\xa3\x10" M16 "\x41\x08\xeb\x5a\x24\x21" M27 
  "\x44\x29\x47\x42\x88\x4a\xc9\x5a\x0a\x63\x4b\x6b\x8c\x6b\xad\x73\xcd\x7b\xcd\x7b\xed\x7b\xee\x7b\xee\x7b\xee\x7b" M0 M0 M0 M0 M0 M0 M0 M0 M0 M0 
  "\x0e\x7c\x0e\x7c\xee\x7b\xad\x73\x6c\x6b\x0a\x63\xc9\x52\x88\x4a\x27\x42\x23\x21" M27 "\xe4\x18\x0c\x63" M21 
  "\x20\x00\x41\x08\x41\x08\x8b\x52\xce\x7b\x41\x08\x00\x00\x21\x00\xa9\x00\x0e\x01\xee\x00\xcd\x00\xa9\x00\x02\x00\x00\x00\x00" "\x00\x01\x00\x66\x00\xcb\x00\xee\x00\x0f\x01\xed\x00\x63\x00\x00\x00\x00\x00\x28\x4a\x52\x8c\xa3\x10" M16 "\x41\x08\xeb\x5a\x24\x21" M27 
  "\x44\x29\x47\x42\x88\x4a\xc9\x5a\x0a\x63\x4b\x63\x6c\x6b\xad\x73\xcd\x7b\xcd\x7b\xed\x7b\xee\x7b\xee\x7b\xee\x7b" M0 M0 M0 M0 M0 M0 M0 M0 M0 M0 
  "\x0e\x7c\x0e\x7c\xee\x7b\xcd\x73\x4c\x6b\x0a\x63\xc9\x52\x88\x4a\x27\x42\x23\x21" M27 "\xe4\x18\x0c\x63" M21 
  "\x20\x00\x41\x08\x41\x08\x8b\x52\xce\x7b\x41\x08\x00\x00\x21\x00\xa9\x00\x0e\x01\xee\x00\xcd\x00\xa9\x00\x02\x00\x00\x00\x00" "\x00\x01\x00\x66\x00\xcb\x00\xee\x00\x0f\x01\xed\x00\x63\x00\x00\x00\x00\x00\x28\x4a\x52\x8c\xa3\x10" M16 "\x41\x08\xeb\x5a\x04\x21" M27 
  "\x44\x29\x47\x42\x88\x4a\xc9\x52\x0a\x5b\x2b\x63\x6c\x6b\xac\x73\xad\x7b\xcd\x7b\xed\x7b\xee\x7b\xee\x7b\xee\x7b\xee\x7b" M0 M0 M0 M0 M0 M0 M4 "\xee\x7b" M0 M0 M0 M23 
  "\xee\x7b\xcd\x73\x4c\x6b\x0a\x63\xc9\x52\x88\x4a\x27\x42\x23\x21" M27 "\xe4\x18\x0c\x63" M21 
  "\x20\x00\x41\x08\x41\x08\x8b\x52\xce\x7b\x41\x08\x00\x00\x21\x00\xa9\x00\x0e\x01\xee\x00\xcd\x00\xa9\x00\x02\x00\x00\x00\x00" "\x00\x01\x00\x66\x00\xcb\x00\xee\x00\x0f\x01\xed\x00\x63\x00\x00\x00\x00\x00\x28\x4a\x52\x8c\xa3\x10" M16 "\x41\x08\xeb\x5a\x04\x21" M27 
  "\x44\x29\x47\x42\x88\x4a\xc9\x52\x0a\x5b\x2b\x63\x6c\x6b\xac\x73\xad\x73\xcd\x7b\xed\x7b\xee\x7b\xee\x7b\xee\x7b\xee\x7b\xee" "\x7b" M0 M0 M0 M0 M0 M0 M0 M0 M0 M0 
  "\xee\x7b\xcd\x73\x4c\x6b\x0a\x63\xc9\x52\x88\x4a\x27\x42\x23\x21" M27 "\xe4\x18\x0c\x63" M21 
  "\x20\x00\x41\x08\x41\x08\x8b\x52\xce\x7b\x41\x08\x00\x00\x21\x00\xa9\x00\x0e\x01\xee\x00\xcd\x00\xa9\x00\x02\x00\x00\x00\x00" "\x00\x01\x00\x66\x00\xcb\x00\xee\x00\x0f\x01\xed\x00\x63\x00\x00\x00\x00\x00\x28\x4a\x52\x8c\xa3\x10" M16 "\x41\x08\xeb\x5a\x04\x21" M27 
  "\x44\x29\x47\x42\x88\x4a\xc9\x52\x0a\x5b\x2b\x63\x6c\x6b\xac\x73\xad\x73\xcd\x7b\xed\x7b\xee\x7b\xee\x7b\xee\x7b\xee\x7b\xee" "\x7b" M0 M0 M0 M0 M0 M0 M0 M0 M0 M0 
  "\xee\x7b\xcd\x73\x6c\x6b\x0a\x63\xc9\x52\x88\x4a\x27\x42\x23\x21" M27 "\xe4\x18\x0c\x63" M21 
  "\x20\x00\x41\x08\x41\x08\x8b\x52\xce\x7b\x41\x08\x00\x00\x21\x00\xa9\x00\x0e\x01\xee\x00\xcd\x00\xa9\x00\x02\x00\x00\x00\x00" "\x00\x01\x00\x66\x00\xcb\x00\xee\x00\x0f\x01\xed\x00\x63\x00\x00\x00\x00\x00\x28\x4a\x52\x8c\xa3\x10" M16 "\x41\x08\xeb\x5a\x24\x21" M27 
  "\x44\x29\x27\x42\x88\x4a\xc9\x52\x0a\x5b\x2b\x63\x6b\x6b\x8c\x73\xad\x73\xcd\x7b\xcd\x7b\xee\x7b\xee\x7b\xee\x7b\xee\x7b\xee" "\x7b" M0 M0 M0 M0 M0 M0 M0 M0 M0 M0 
  "\xee\x7b\xcd\x73\x6b\x6b\x0a\x63\xc9\x52\x87\x4a\x27\x42\x23\x21" M27 "\xe4\x18\x0c\x63" M21 
  "\x20\x00\x41\x08\x41\x08\x8b\x52\xce\x7b\x41\x08\x00\x00\x21\x00\xa9\x00\x0e\x01\xee\x00\xcd\x00\xa9\x00\x02\x00\x00\x00\x00" "\x00\x01\x00\x66\x00\xcb\x00\xee\x00\x0f\x01\xed\x00\x63\x00\x00\x00\x00\x00\x28\x4a\x52\x8c\xa3\x10" M16 "\x41\x08\xeb\x5a\x25\x21" M27 
  "\x44\x29\x27\x42\x67\x4a\xa9\x52\xea\x5a\x2b\x63\x4b\x6b\x8c\x73\xad\x73\xcd\x7b\xcd\x7b\xed\x7b\xed\x7b\xed\x7b\xed\x7b\xee" "\x7b\xee\x7b" M0 M0 M0 M0 M0 M0 M0 M0 M0 M0 
  "\xcd\x73\x6c\x6b\x0a\x63\xc9\x52\x67\x4a\x27\x42\x03\x21" M27 "\x04\x21\x2c\x63" M21 
  "\x20\x00\x41\x08\x41\x08\x8b\x52\xce\x7b\x41\x08\x00\x00\x21\x00\xa9\x00\x0e\x01\xee\x00\xcd\x00\xa9\x00\x02\x00\x00\x00\x00" "\x00\x01\x00\x67\x00\xcc\x00\xee\x00\x0f\x01\xed\x00\x63\x00\x00\x00\x00\x00\x28\x4a\x52\x8c\xa3\x10" M16 "\x41\x08\xec\x5a\x45\x29" M27 
  "\x24\x21\x27\x42\x67\x4a\xc9\x52\xea\x62\x2b\x63\x4b\x6b\x8c\x73\xad\x73\xcd\x7b\xcd\x7b\xed\x7b\xed\x7b\xed\x7b\xed\x7b\xee" "\x7b\xee\x7b" M0 M0 M0 M0 M0 M0 M0 M0 M0 M0 
  "\xcd\x73\x6c\x6b\x2a\x63\xc9\x52\x67\x4a\x26\x42\x03\x19" M27 "\x25\x21\x2d\x63" M21 
  "\x20\x00\x41\x08\x41\x08\x8b\x52\xce\x7b\x41\x08\x00\x00\x21\x00\xa9\x00\x0e\x01\xef\x00\xcd\x00\xa9\x00\x02\x00\x00\x00\x00" "\x00\x01\x00\x67\x00\xcc\x00\xee\x00\x0f\x01\xed\x00\x63\x00\x00\x00\x00\x00\x28\x4a\x52\x8c\xa3\x10" M16 "\x41\x08\xec\x5a\x45\x29" M27 
  "\x23\x21\x27\x42\x67\x4a\xc9\x5a\xea\x62\x2b\x63\x4b\x6b\x8c\x73\xad\x73\xcd\x7b\xcd\x7b\xed\x7b\xcd\x7b\xcd\x7b\xed\x7b\xed" "\x7b\xee\x7b" M0 M0 M0 M0 M0 M0 M0 M0 M0 M0 
  "\xcd\x7b\x6c\x6b\x0a\x63\xc9\x52\x67\x4a\x26\x42\x03\x19" M27 "\x25\x21\x2d\x63" M21 
  "\x20\x00\x41\x08\x41\x08\x8b\x52\xce\x7b\x41\x08\x00\x00\x21\x00\xc9\x00\x0e\x01\x0f\x01\xed\x00\xa9\x00\x03\x00\x00\x00\x00" "\x00\x01\x00\x67\x00\xcc\x00\xee\x00\x0f\x01\xed\x00\x63\x00\x00\x00\x00\x00\x28\x4a\x52\x8c\xa3\x10" M16 "\x41\x08\x0c\x63\x45\x29" M27 
  "\x23\x21\x27\x42\x67\x4a\xc9\x5a\x0a\x63\x2b\x63\x4b\x6b\x8c\x73\xad\x73\xcd\x7b\xcd\x7b\xed\x7b\xcd\x7b\xcd\x7b\xcd\x7b\xed" 
  "\x7b\xee\x7b\xee\x7b\xee\x7b" M0 
  M0 
  M0 
  M0 
  M0 
  M0 
  M0 
  M0 
  M0 
  M2 
  "\xcd\x7b\x6c\x6b\x2a\x63\xc9\x52\x67\x4a\x26\x42\x03\x19" M27 "\x25\x21\x2d\x63" M21 
  "\x20\x00\x41\x08\x41\x08\x8b\x52\xce\x7b\x41\x08\x00\x00\x21\x00\xc9\x00\x0e\x01\x0f\x01\xed\x00\xa9\x00\x03\x00\x00\x00\x00" "\x00\x01\x00\x87\x00\xcc\x00\xee\x00\x0f\x01\xed\x00\x64\x00\x00\x00\x00\x00\x28\x4a\x52\x8c\xa3\x10" M16 "\x41\x08\x0c\x63\x45\x29" M27 
  "\x23\x21\x27\x42\x67\x4a\xc9\x5a\x0a\x63\x2b\x63\x4b\x6b\x8c\x73\xac\x73\xad\x7b\xcd\x7b\xcd\x7b\xcd\x7b\xcd\x7b\xcd\x7b\xed" 
  "\x7b\xee\x7b\xee\x7b\xee\x7b\xee\x7b\xee\x7b\xee\x7b" M0 M0 M0 M0 M0 M0 M0 M0 M0 M5 
  "\xcd\x7b\x8c\x6b\x2a\x63\xc9\x52\x67\x4a\x26\x42\x03\x19" M27 "\x25\x21\x2d\x63" M21 
  "\x20\x00\x41\x08\x41\x08\x8b\x52\xce\x7b\x41\x08\x00\x00\x21\x00\xc9\x00\x0e\x01\x0f\x01\xed\x00\xa9\x00\x03\x00\x00\x00\x00" "\x00\x01\x00\x87\x00\xcc\x00\xee\x00\x0f\x01\xed\x00\x64\x00\x00\x00\x00\x00\x28\x4a\x52\x8c\xa3\x10" M16 "\x41\x08\x0c\x63\x45\x29" M27 
  "\x23\x21\x27\x42\x67\x4a\xc9\x5a\x0a\x63\x2b\x63\x4b\x6b\x8c\x73\xac\x73\xad\x7b\xcd\x7b\xcd\x7b\xcd\x7b\xcd\x7b\xcd\x7b\xcd" 
  "\x7b\xee\x7b\xee\x7b\xee\x7b\xee\x7b\xee\x7b" M0 M0 M0 M0 M0 M0 M0 M0 M0 M4 
  "\xcd\x7b\x8c\x6b\x2a\x63\xc9\x52\x67\x4a\x26\x42\x03\x19" M27 "\x25\x21\x2d\x63" M21 
  "\x20\x00\x41\x08\x41\x08\x8b\x52\xce\x7b\x41\x08\x00\x00\x21\x00\xc9\x00\x0e\x01\x0f\x01\xed\x00\xa9\x00\x03\x00\x00\x00\x00" "\x00\x01\x00\x87\x00\xec\x00\x0e\x01\x0f\x01\xed\x00\x64\x00\x00\x00\x00\x00\x28\x4a\x52\x8c\xa3\x10" M16 "\x41\x08\x0c\x63\x45\x29" M27 
  "\x23\x21\x27\x42\x67\x4a\xc9\x5a\x0a\x63\x2b\x63\x4b\x6b\x8c\x73\xac\x73\xad\x7b\xcd\x7b\xcd\x7b\xcd\x7b\xcd\x7b\xcd\x7b\xed" 
  "\x7b\xee\x7b\xee\x7b\xee\x7b\xee\x7b\xee\x7b\xee\x7b" M0 M0 M0 M0 M0 M0 M0 M0 M0 M5 
  "\xcd\x7b\x8c\x6b\x2a\x63\xc9\x52\x67\x4a\x26\x42\x03\x19" M27 "\x25\x21\x2d\x63" M21 
  "\x20\x00\x41\x08\x41\x08\x8b\x52\xce\x7b\x41\x08\x00\x00\x21\x00\xc9\x00\x0e\x01\x0f\x01\xed\x00\xa9\x00\x03\x00\x00\x00\x00" "\x00\x01\x00\x87\x00\xec\x00\x0e\x01\x0f\x01\xed\x00\x64\x00\x00\x00\x00\x00\x28\x4a\x52\x8c\xa3\x10" M16 "\x41\x08\x0c\x63\x45\x29" M27 
  "\x23\x21\x27\x42\x67\x4a\xc9\x5a\x0a\x63\x2a\x63\x4b\x6b\x8c\x73\xac\x73\xac\x7b\xcd\x7b\xcd\x7b\xcd\x7b\xcd\x7b\xed\x7b\xed" 
  "\x7b\xee\x7b\xee\x7b\xee\x7b\xee\x7b\xee\x7b\xee\x7b" M0 M0 M0 M0 M0 M0 M0 M0 M0 M5 
  "\xcd\x7b\x8c\x6b\x2a\x63\xc9\x5a\x67\x4a\x26\x42\x03\x19" M27 "\x25\x21\x2c\x63" M21 
  "\x20\x00\x41\x08\x41\x08\x8b\x52\xce\x7b\x41\x08\x00\x00\x21\x00\xc9\x00\x0e\x01\x0f\x01\xed\x00\xa9\x00\x03\x00\x00\x00\x00" "\x00\x01\x00\x87\x00\xec\x00\x0e\x01\x0f\x01\x0d\x01\x64\x00\x00\x00\x00\x00\x28\x4a\x52\x8c\xa3\x10" M16 "\x41\x08\xec\x5a\x45\x29" M27 
  "\x23\x21\x27\x42\x88\x4a\xc9\x52\x0a\x63\x0a\x63\x4b\x6b\x6c\x73\xac\x73\xac\x7b\xcc\x7b\xed\x7b\xcd\x7b\xcd\x7b\xed\x7b\xed" 
  "\x7b\xee\x7b\xee\x7b\xee\x7b\xee\x7b\xee\x7b\xee\x7b" M0 M0 M0 M0 M0 M0 M0 M0 M0 M5 
  "\xcd\x7b\x8c\x6b\x2b\x63\xc9\x52\x67\x4a\x26\x42\xe3\x18" M27 "\x45\x29\x2c\x63" M21 
  "\x20\x00\x41\x08\x41\x08\x8b\x52\xce\x7b\x41\x08\x00\x00\x22\x00\xca\x00\x0e\x01\x0f\x01\xed\x00\xa9\x00\x03\x00\x00\x00\x00" "\x00\x01\x00\x87\x00\xec\x00\x0e\x01\x0f\x01\x0d\x01\x64\x00\x00\x00\x00\x00\x28\x4a\x52\x8c\xa3\x10" M16 "\x41\x08\xec\x5a\x66\x29" M27 
  "\x23\x21\x27\x42\x68\x4a\xa9\x52\x0a\x63\x0a\x63\x4b\x6b\x6c\x73\xac\x73\xac\x7b\xcc\x7b\xed\x7b\xcd\x7b\xed\x7b\xed\x7b\xed" 
  "\x7b\xee\x7b\xee\x7b\xee\x7b\xee\x7b\xee\x7b\xee\x7b" M0 M0 M0 M0 M0 M0 M0 M0 M0 M5 
  "\xed\x7b\x8c\x73\x2b\x63\xc9\x52\x67\x4a\x06\x42\xe3\x18" M27 "\x45\x29\x2c\x63" M21 
  "\x20\x00\x41\x08\x41\x08\x8b\x52\xce\x7b\x41\x08\x00\x00\x42\x00\xca\x00\x2e\x01\x0f\x01\xed\x00\xa9\x00\x03\x00\x01\x00\x00" "\x00\x01\x00\x87\x00\xec\x00\x0e\x01\x0f\x01\x0d\x01\x64\x00\x00\x00\x00\x00\x28\x4a\x52\x8c\xa3\x10" M16 "\x41\x08\xeb\x5a\x66\x29" M27 
  "\x23\x21\x27\x42\x68\x4a\xa9\x52\x0a\x63\x0a\x63\x4b\x6b\x6c\x73\xac\x73\xac\x7b\xcc\x7b\xed\x7b\xed\x7b\xed\x7b\xed\x7b\xed" 
  "\x7b\xee\x7b\xee\x7b\xee\x7b\xee\x7b\xee\x7b\xee\x7b" M0 M0 M0 M0 M0 M0 M0 M0 M0 M5 
  "\xed\x7b\x8c\x73\x2b\x63\xc9\x52\x68\x4a\x06\x42\xe3\x18" M27 "\x66\x29\x0c\x63" M21 
  "\x20\x00\x41\x08\x41\x08\x8b\x52\xce\x7b\x41\x08\x00\x00\x42\x00\xca\x00\x2e\x01\x0f\x01\xed\x00\xa9\x00\x23\x00\x01\x00\x00" "\x00\x01\x00\x87\x00\xec\x00\x0e\x01\x0f\x01\x0d\x01\x64\x00\x00\x00\x00\x00\x28\x4a\x52\x8c\xa3\x10" M16 "\x41\x08\xeb\x5a\x66\x29" M27 
  "\x23\x21\x27\x42\x68\x4a\xc9\x52\x0a\x63\x2b\x63\x4b\x6b\x8c\x73\x8c\x73\xac\x73\xcc\x7b\xcd\x7b\xcd\x7b\xed\x7b\xed\x7b\xed" 
  "\x7b\xee\x7b\xee\x7b\xee\x7b" M0 
  M0 
  M0 
  M0 
  M0 
  M0 
  M0 
  M0 
  M0 
  M2 
  "\xed\x7b\x8c\x73\x2b\x63\xc9\x52\x68\x4a\x06\x42\xe3\x18" M27 "\x66\x29\x0c\x63" M21 
  "\x20\x00\x41\x08\x41\x08\x8b\x52\xce\x7b\x41\x08\x00\x00\x42\x00\xca\x00\x2e\x01\x0f\x01\xed\x00\xa9\x00\x23\x00\x01\x00\x00" "\x00\x01\x00\x87\x00\xec\x00\x0e\x01\x2f\x01\x0d\x01\x64\x00\x00\x00\x00\x00\x28\x4a\x52\x8c\xa3\x10" M16 "\x41\x08\xec\x5a\x66\x29" M27 
  "\x23\x21\x27\x42\x68\x4a\xc9\x5a\x0a\x63\x2b\x63\x4b\x6b\x8c\x73\x8c\x73\xac\x73\xac\x7b\xcd\x7b\xcd\x7b\xed\x7b\xed\x7b\xed" "\x7b\xee\x7b\xee\x7b" M0 M0 M0 M0 M0 M0 M0 M0 M0 M1 
  "\xed\x7b\x8c\x73\x4b\x63\xc9\x52\x68\x4a\x06\x42\xe3\x18" M27 "\x66\x29\x0c\x63" M21 
  "\x20\x00\x41\x08\x41\x08\x8b\x52\xce\x7b\x41\x08\x00\x00\x42\x00\xca\x00\x2e\x01\x0f\x01\xee\x00\xa9\x08\x23\x00\x01\x00\x01" "\x00\x01\x00\x87\x00\xec\x00\x0e\x01\x2f\x01\x0d\x01\x64\x00\x00\x00\x00\x00\x28\x4a\x52\x8c\xa3\x10" M16 "\x41\x08\xeb\x5a\x66\x29" M27 
  "\x23\x21\x27\x42\x68\x4a\xc9\x5a\x0a\x63\x2b\x63\x4b\x6b\x8c\x73\x8c\x73\xac\x73\xac\x7b\xcd\x7b\xcd\x7b\xed\x7b\xed\x7b\xed" 
  "\x7b\xee\x7b\xee\x7b\xee\x7b" M0 
  M0 
  M0 
  M0 
  M0 
  M0 
  M0 
  M0 
  M0 
  M2 
  "\xed\x7b\x8c\x73\x2b\x63\xc9\x52\x68\x4a\x06\x42\xe3\x18" M27 "\x66\x29\x0c\x63" M21 
  "\x20\x00\x41\x08\x41\x08\x8b\x52\xce\x7b\x41\x08\x00\x00\x42\x00\xca\x00\x2e\x01\x0f\x01\xee\x00\xc9\x08\x23\x00\x01\x00\x01" "\x00\x01\x00\x87\x00\xec\x00\x0e\x01\x2f\x01\x0d\x01\x64\x00\x00\x00\x00\x00\x28\x4a\x72\x8c\xa3\x10" M16 "\x41\x08\xeb\x5a\x66\x29" M27 
  "\x23\x21\x27\x42\x68\x4a\xc9\x5a\x0a\x63\x2b\x63\x4b\x6b\x8c\x73\x8c\x73\xac\x73\xac\x7b\xcd\x7b\xcd\x7b\xed\x7b\xed\x7b\xed" 
  "\x7b\xee\x7b\xee\x7b\xee\x7b" M0 
  M0 
  M0 
  M0 
  M0 
  M0 
  M0 
  M0 
  M0 
  M2 
  "\xed\x7b\x8c\x73\x2b\x63\xc9\x52\x68\x4a\x06\x42\xe3\x18" M27 "\x66\x29\x0c\x63" M21 
  "\x20\x00\x41\x08\x41\x08\x8b\x52\xce\x7b\x41\x10\x00\x00\x42\x00\xca\x00\x2e\x01\x2f\x01\x0e\x01\xc9\x08\x23\x00\x01\x00\x21" "\x00\x01\x00\x87\x00\xec\x00\x0e\x01\x2f\x01\x0d\x01\x64\x00\x00\x00\x00\x00\x28\x42\x72\x8c\xa3\x10" M16 "\x41\x08\xec\x5a\x66\x29" M27 
  "\x23\x21\x27\x42\x68\x4a\xa9\x52\xea\x5a\x2a\x63\x4b\x6b\x6c\x73\x8c\x73\xac\x73\xac\x7b\xcd\x7b\xcd\x7b\xed\x7b\xed\x7b\xed" 
  "\x7b\xed\x7b\xed\x7b\xee\x7b" M0 
  M0 
  M0 
  M0 
  M0 
  M0 
  M0 
  M0 
  M0 
  M2 
  "\xed\x7b\x8c\x73\x2b\x63\xc9\x5a\x68\x4a\x06\x42\xe3\x18" M27 "\x66\x29\x0c\x63" M21 
  "\x20\x00\x41\x08\x41\x08\x8b\x52\xce\x7b\x41\x10\x00\x00\x42\x00\xea\x00\x2f\x01\x2f\x01\x0e\x01\xc9\x08\x23\x00\x21\x00\x21" "\x00\x01\x00\x87\x00\xec\x00\x0e\x01\x2f\x01\x0d\x01\x64\x00\x00\x00\x00\x00\x28\x42\x72\x8c\xa4\x10" M16 "\x41\x08\xeb\x5a\x66\x29" M27 
  "\x23\x21\x26\x42\x68\x4a\xa9\x52\xea\x5a\x2a\x63\x4b\x6b\x6c\x73\x8c\x73\xac\x73\xac\x7b\xcd\x7b\xcd\x7b\xed\x7b\xed\x7b\xed" 
  "\x7b\xed\x7b\xed\x7b\xee\x7b" M0 
  M0 
  M0 
  M0 
  M0 
  M0 
  M0 
  M0 
  M0 
  M2 
  "\xed\x7b\x8c\x73\x4b\x63\xc9\x5a\x68\x4a\x06\x42\xe3\x18" M27 "\x66\x29\x0c\x63" M21 
  "\x20\x00\x41\x08\x41\x08\x8b\x52\xce\x7b\x41\x10\x00\x00\x42\x00\xea\x00\x2f\x01\x2f\x01\x0e\x01\xca\x08\x23\x00\x21\x00\x21" "\x00\x01\x00\x87\x00\x0c\x01\x2e\x01\x2f\x01\x0d\x01\x64\x00\x00\x00\x00\x00\x28\x42\x72\x8c\xa4\x10" M16 "\x41\x08\xeb\x5a\x86\x31" M27 
  "\x23\x21\x26\x42\x68\x4a\xa9\x52\xea\x5a\x2a\x63\x4b\x6b\x6c\x73\x8c\x73\xac\x73\xac\x7b\xcd\x7b\xcd\x7b\xed\x7b\xed\x7b\xed" 
  "\x7b\xed\x7b\xed\x7b\xed\x7b\xee\x7b" M0 M0 M0 M0 M0 M0 M0 M0 M0 M3 
  "\xed\x7b\x8c\x73\x4b\x63\xc9\x5a\x68\x4a\x06\x42\xe3\x18" M27 "\x86\x31\x0c\x63" M21 
  "\x20\x00\x41\x08\x41\x08\x8b\x52\xce\x7b\x41\x10\x00\x00\x42\x00\xea\x00\x2f\x01\x2f\x01\x0e\x01\xca\x08\x23\x00\x21\x00\x21" "\x00\x01\x00\x87\x00\x0c\x01\x2f\x01\x2f\x01\x0d\x01\x64\x00\x00\x00\x00\x00\x28\x42\x72\x8c\xa4\x10" M16 "\x41\x08\xcb\x5a\x86\x31" M27 
  "\x03\x21\x26\x42\x68\x4a\xa9\x52\xea\x5a\x2a\x63\x4b\x6b\x6c\x73\x8c\x73\xac\x73\xac\x7b\xcc\x7b\xcd\x7b\xed\x7b\xed\x7b\xed" 
  "\x7b\xed\x7b\xed\x7b\xed\x7b\xee\x7b\xee\x7b" M0 M0 M0 M0 M0 M0 M0 M0 M0 M4 
  "\xed\x7b\xac\x73\x4b\x63\xc9\x5a\x68\x4a\x06\x42\xe3\x18" M27 "\xa7\x31\x0c\x63" M21 
  "\x20\x00\x41\x08\x41\x08\x8b\x52\xce\x7b\x41\x10\x00\x00\x42\x00\xea\x00\x2f\x01\x2f\x01\x0e\x01\xca\x08\x23\x00\x21\x00\x21" "\x00\x01\x00\x87\x00\x0c\x01\x2f\x01\x2f\x01\x0d\x01\x64\x00\x00\x00\x00\x00\x28\x42\x72\x8c\xa4\x10" M16 "\x41\x08\xcb\x5a\xa6\x31" M27 
  "\x03\x21\x06\x42\x68\x4a\xa9\x5a\xea\x62\x0a\x63\x2b\x6b\x6c\x6b\x8c\x73\x8c\x73\xac\x73\xac\x7b\xcd\x7b\xcd\x7b\xcd\x7b\xcd" 
  "\x7b\xce\x7b\xed\x7b\xed\x7b\xed\x7b\xee\x7b\xee\x7b\xee\x7b\xee\x7b\xee\x7b" M0 M0 M0 M23 
  "\xee\x7b\xee\x7b\xee\x7b\xee\x7b\xee\x7b\xee\x7b\xee\x7b\xee\x7b\xee\x7b\xee\x7b\xee\x7b\xee\x7b\xee\x7b\xee\x7b\xee\x7b" M0 
  "\x0e\x7c\xee\x7b\xee\x7b\xee\x7b\x0e\x7c\x0e\x7c\xee\x7b\xee\x7b\x0e\x7c\x0e\x7c\xee\x7b\xee\x7b" M0 M14 
  "\xee\x7b\xee\x7b\xee\x7b\x0e\x7c\xee\x7b" M23 "\xee\x7b\xee\x7b\xee\x7b\xee\x7b\xee\x7b" M0 M23 
  "\xcd\x7b\x8c\x73\x4b\x63\xc9\x5a\x68\x4a\x06\x42\xe3\x18" M27 "\xa7\x31\x0c\x63" M21 
  "\x20\x00\x41\x08\x41\x08\x8b\x52\xce\x7b\x41\x10\x00\x00\x42\x00\xea\x00\x2f\x01\x2f\x01\x0e\x01\xca\x08\x23\x00\x21\x00\x21" "\x00\x01\x00\x87\x00\x0c\x01\x2f\x01\x2f\x01\x0d\x01\x64\x00\x00\x00\x00\x00\x28\x42\x72\x8c\xa4\x10" M16 "\x41\x08\xeb\x5a\x86\x31" M27 
  "\x03\x21\x06\x42\x67\x4a\xa9\x52\xea\x5a\x0a\x63\x2b\x6b\x6c\x6b\x8c\x73\x8c\x73\xac\x73\xac\x7b\xcc\x7b\xcd\x7b\xcd\x7b\xcd" 
  "\x7b\xce\x7b\xee\x7b\xed\x7b\xed\x7b\xed\x7b\xee\x7b\xee\x7b\xee\x7b\xee\x7b" M23 "\xee\x7b\xee\x7b\xee\x7b" M0 M0 M3 
  "\xee\x7b\xee\x7b\xee\x7b\xee\x7b\xee\x7b\xee\x7b\xee\x7b\xee\x7b\xee\x7b\xee\x7b\xee\x7b\xee\x7b\xee\x7b\x0e\x7c\xee\x7b\x0e" "\x7c\x0e\x7c\xee\x7b" M1 
  "\xee\x7b\xee\x7b\xee\x7b\xee\x7b\xee\x7b\xee\x7b\xee\x7b\xee\x7b" M0 M6 "\xee\x7b\xee\x7b" M17 "\xee\x7b\xee\x7b\xee\x7b\xee\x7b\xee\x7b\xee\x7b" M0 
  "\x0e\x7c\x0e\x7c\xee\x7b\xcd\x7b\x8c\x6b\x2b\x63\xc9\x5a\x68\x4a\x06\x42\xe3\x18" M27 "\x86\x31\x2c\x63" M21 
  "\x20\x00\x41\x08\x41\x08\x8b\x52\xce\x7b\x41\x10\x00\x00\x42\x00\xea\x00\x2f\x01\x2f\x01\x0e\x01\xca\x08\x23\x00\x21\x00\x21" "\x00\x02\x00\xa8\x00\x0d\x09\x2f\x01\x2f\x01\x0d\x01\x64\x00\x00\x00\x00\x00\x08\x42\x72\x8c\xa4\x10" M16 "\x41\x08\xcb\x5a\x65\x29" M27 
  "\x24\x21\x07\x42\x47\x4a\xa9\x52\xea\x5a\x0a\x63\x2b\x6b\x6c\x6b\x8c\x73\x8c\x73\xac\x73\xac\x7b\xcc\x7b\xcd\x7b\xcd\x7b\xcd" 
  "\x7b\xce\x7b\xce\x7b\xed\x7b\xed\x7b\xed\x7b\xed\x7b" M26 "\xee\x7b\xee\x7b\xee\x7b\xee\x7b\xee\x7b\xee\x7b\xee\x7b\xee\x7b\xee\x7b" M0 M1 
  "\xee\x7b\xee\x7b\xee\x7b\xee\x7b\xee\x7b\xee\x7b\xee\x7b\xee\x7b\xee\x7b\xee\x7b\xee\x7b\xee\x7b\xee\x7b\xee\x7b\xee\x7b\xee" "\x7b\xee\x7b" M17 "\xee\x7b\xee\x7b" M26 
  "\xee\x7b\xee\x7b\xee\x7b\xee\x7b\xee\x7b\xee\x7b\xee\x7b\xee\x7b\xee\x7b\xee\x7b\x0e\x7c\xee\x7b\x0e\x7c\xee\x7b\xee\x7b\xee" 
  "\x7b\xee\x7b\xee\x7b\xee\x7b\xee\x7b\xee\x7b\xee\x7b\xee\x7b\xee\x7b\xee\x7b\xee\x7b\xee\x7b\xee\x7b\xee\x7b\xee\x7b\x0e\x7c" "\xee\x7b\x0e\x7c\xee\x7b\xee\x7b\xee\x7b" M23 "\xee\x7b" M26 "\xee\x7b\xee\x7b\xee\x7b\xee\x7b\xee\x7b\xee\x7b\xee\x7b\xee\x7b\xee\x7b" M20 "\xee\x7b\xee\x7b\xee\x7b\xee\x7b\xee\x7b\xee\x7b\xee\x7b" M0 
  "\x0e\x7c\x0e\x7c\xee\x7b\xcd\x73\x6c\x6b\x2a\x63\xc9\x52\x67\x4a\x27\x42\x03\x21" M27 "\x24\x21\x2c\x63" M21 
  "\x20\x00\x41\x08\x41\x08\x8b\x52\xce\x7b\x41\x10\x00\x00\x43\x00\xea\x00\x4f\x01\x2f\x01\x0e\x01\xca\x08\x23\x00\x21\x00\x21" "\x00\x02\x00\xa8\x00\x0d\x09\x2f\x01\x2f\x01\x0d\x01\x64\x00\x00\x00\x00\x00\x07\x42\x72\x8c\xa4\x10" M15 "\x49\x4a\x86\x31" M27 
  "\xe3\x18\x07\x42\x47\x4a\x88\x52\xe9\x5a\x0a\x63\x2a\x63\x6b\x6b\x6c\x73\x8c\x73\xac\x73\xad\x73\xcd\x7b\xcd\x7b\xcd\x7b\xcd" 
  "\x7b\xce\x7b\xce\x7b\xed\x7b\xed\x7b\xee\x7b\xee\x7b\xee\x7b\xee\x7b\xed\x7b\xed\x7b\xed\x7b\xee\x7b\xee\x7b\xee\x7b\xee\x7b" 
  "\xee\x7b\xee\x7b\xee\x7b\xee\x7b\xee\x7b\x0e\x7c\x0e\x7c\xee\x7b\x0e\x7c\xee\x7b\xee\x7b\xee\x7b\xee\x7b\xee\x7b\xee\x7b\xee" 
  "\x7b\x0e\x7c\x0e\x7c\xee\x7b\xee\x7b\xee\x7b\xee\x7b\x0e\x7c\x0e\x7c\xee\x7b\xee\x7b\xee\x7b\xee\x7b\xee\x7b\xee\x7b\xee\x7b" 
  "\xee\x7b\xee\x7b\xee\x7b\xee\x7b\xee\x7b\xee\x7b\xee\x7b\xee\x7b\xee\x7b\xee\x7b\xee\x7b\xee\x7b\xee\x7b\xee\x7b\xee\x7b\xee" 
  "\x7b\xee\x7b\xee\x7b\xee\x7b\xee\x7b\xee\x7b\xee\x7b\xee\x7b\xee\x7b\xee\x7b\xee\x7b\xee\x7b\xee\x7b\xee\x7b\xee\x7b\xee\x7b" 
  "\xee\x7b\xee\x7b\xee\x7b\xee\x7b\xee\x7b\xee\x7b\xee\x7b\xee\x7b\xee\x7b\xee\x7b\xee\x7b\xee\x7b\xee\x7b\xee\x7b\xee\x7b\xee" 
  "\x7b\xee\x7b\xee\x7b\xee\x7b\xee\x7b\xee\x7b\xee\x7b\xee\x7b\xee\x7b\xee\x7b\xee\x7b\xee\x7b\xee\x7b\xee\x7b\xee\x7b\xee\x7b" 
  "\xee\x7b\xee\x7b\xee\x7b\xee\x7b\xee\x7b\xee\x7b\xee\x7b\xee\x7b\xee\x7b\xee\x7b\xee\x7b\xee\x7b\xee\x7b\xee\x7b\xee\x7b\xee" 
  "\x7b\xee\x7b\xee\x7b\xee\x7b\xee\x7b\xee\x7b\xee\x7b\xee\x7b\xee\x7b\xee\x7b\xee\x7b\xee\x7b\xee\x7b\xee\x7b\xee\x7b\xee\x7b" "\xee\x7b\xed\x7b\xed\x7b\xee\x7b\xee\x7b" M1 
  "\xee\x7b\xed\x7b\xac\x73\x4b\x6b\x0a\x63\xa9\x52\x47\x4a\x07\x42\xe3\x18" M27 "\x86\x31\xcb\x5a" M21 
  "\x20\x00\x41\x08\x41\x08\x8b\x52\xce\x7b\x41\x10\x00\x00\x43\x00\xeb\x00\x4f\x01\x2f\x01\x0e\x01\xca\x08\x23\x00\x22\x00\x21" "\x00\x02\x00\xa8\x00\x0d\x09\x2f\x01\x4f\x01\x0d\x01\x64\x00\x00\x00\x00\x00\x07\x42\x72\x8c\xa4\x10" M15 "\xc7\x39\x28\x42" M27 
  "\x82\x10\xe6\x39\x27\x42\x88\x4a\xc9\x52\xe9\x5a\x0a\x63\x4b\x63\x6c\x6b\x8d\x6b\x8d\x73\xad\x73\xad\x73\xce\x73\xce\x73\xce" 
  "\x73\xce\x7b\xce\x7b\xce\x7b\xce\x7b\xee\x7b\xee\x7b\xee\x7b\xed\x7b\xed\x7b\xed\x7b\xed\x7b\xed\x7b\xed\x7b\xed\x7b\xed\x7b" 
  "\xee\x7b\xee\x7b\xee\x7b\xee\x7b\xee\x7b\xee\x7b\xee\x7b\xee\x7b\xee\x7b\xee\x7b\xee\x7b\xee\x7b\xee\x7b\xee\x7b\xee\x7b\xee" 
  "\x7b\xee\x7b\xee\x7b\xee\x7b\xee\x7b\xee\x7b\xee\x7b\xee\x7b\xee\x7b\xee\x7b\xed\x7b\xee\x7b\xee\x7b\xee\x7b\xee\x7b\xed\x7b" 
  "\xed\x7b\xed\x7b\xed\x7b\xed\x7b\xed\x7b\xed\x7b\xed\x7b\xed\x7b\xed\x7b\xed\x7b\xee\x7b\xee\x7b\xee\x7b\xee\x7b\xed\x7b\xed" 
  "\x7b\xed\x7b\xed\x7b\xed\x7b\xed\x7b\xed\x7b\xed\x7b\xed\x7b\xed\x7b\xed\x7b\xed\x7b\xed\x7b\xed\x7b\xed\x7b\xed\x7b\xed\x7b" 
  "\xed\x7b\xed\x7b\xed\x7b\xed\x7b\xed\x7b\xed\x7b\xed\x7b\xed\x7b\xed\x7b\xed\x7b\xed\x7b\xed\x7b\xed\x7b\xed\x7b\xed\x7b\xed" 
  "\x7b\xed\x7b\xed\x7b\xed\x7b\xed\x7b\xed\x7b\xed\x7b\xed\x7b\xed\x7b\xed\x7b\xed\x7b\xed\x7b\xed\x7b\xed\x7b\xed\x7b\xed\x7b" 
  "\xed\x7b\xed\x7b\xed\x7b\xed\x7b\xed\x7b\xee\x7b\xee\x7b\xee\x7b\xee\x7b\xed\x7b\xed\x7b\xed\x7b\xed\x7b\xee\x7b\xed\x7b\xed" 
  "\x7b\xed\x7b\xed\x7b\xed\x7b\xed\x7b\xed\x7b\xed\x7b\xed\x7b\xed\x7b\xed\x7b\xed\x7b\xed\x7b\xed\x7b\xed\x7b\xed\x7b\xed\x7b" 
  "\xed\x7b\xcd\x7b\xcd\x7b\xed\x7b\xee\x7b\xee\x7b\xee\x7b\xee\x7b\xee\x7b\xee\x7b" M8 
  "\xee\x7b\xed\x7b\xcd\x73\x6c\x6b\x2a\x63\xe9\x5a\x88\x52\x27\x42\xe6\x39\xa2\x10" M27 "\x28\x42\x08\x42" M21 
  "\x20\x00\x41\x08\x41\x08\x8b\x52\xce\x7b\x41\x10\x00\x00\x43\x00\xeb\x00\x4f\x01\x4f\x01\x2e\x01\xca\x08\x23\x00\x22\x00\x21" "\x00\x02\x00\xa8\x00\x0d\x09\x2f\x01\x4f\x01\x0d\x01\x64\x00\x00\x00\x00\x00\x07\x42\x72\x8c\xa4\x10" M15 "\x65\x29\xeb\x5a" M27 
  "\x20\x00\xa5\x31\x26\x42\x68\x4a\xa8\x52\xc9\x5a\xea\x5a\x2b\x63\x4b\x6b\x6c\x6b\x8c\x6b\x8d\x73\xad\x73\xad\x73\xad\x73\xad" 
  "\x73\xcd\x73\xcd\x73\xcd\x73\xcd\x73\xcd\x7b\xcd\x7b\xcd\x7b\xcd\x7b\xcd\x7b\xcd\x7b\xcd\x7b\xcd\x7b\xcd\x7b\xcd\x7b\xcd\x73" 
  "\xcd\x7b\xcd\x7b\xcd\x7b\xcd\x7b\xcd\x7b\xcd\x7b\xcd\x7b\xcd\x7b\xcd\x7b\xcd\x7b\xcd\x7b\xcd\x7b\xcd\x7b\xcd\x7b\xcd\x7b\xcd" 
  "\x7b\xcd\x7b\xcd\x73\xcd\x73\xcd\x73\xcd\x7b\xcd\x7b\xcd\x7b\xcd\x7b\xcd\x73\xcd\x73\xcd\x73\xcd\x73\xcd\x73\xcd\x73\xcd\x73" 
  "\xcd\x73\xcd\x73\xcd\x73\xcd\x73\xcd\x73\xcd\x73\xcd\x73\xcd\x73\xcd\x73\xcd\x73\xcd\x73\xcd\x73\xcd\x73\xcd\x73\xcd\x73\xcd" 
  "\x73\xcd\x73\xcd\x73\xcd\x73\xcd\x73\xcd\x73\xcd\x73\xcd\x73\xcd\x73\xcd\x73\xcd\x73\xcd\x73\xcd\x73\xcd\x73\xcd\x73\xcd\x73" 
  "\xcd\x73\xcd\x73\xcd\x73\xcd\x73\xcd\x7b\xcd\x7b\xcd\x7b\xcd\x7b\xcd\x7b\xcd\x7b\xcd\x7b\xcd\x7b\xcd\x7b\xcd\x7b\xcd\x7b\xcd" 
  "\x7b\xcd\x7b\xcd\x7b\xcd\x7b\xcd\x7b\xcd\x7b\xcd\x7b\xcd\x7b\xcd\x7b\xcd\x7b\xcd\x7b\xcd\x7b\xcd\x7b\xcd\x7b\xcd\x7b\xcd\x7b" 
  "\xcd\x7b\xed\x7b\xed\x7b\xed\x7b\xed\x7b\xed\x7b\xed\x7b\xed\x7b\xed\x7b\xcd\x7b\xcd\x7b\xcd\x7b\xed\x7b\xed\x7b\xed\x7b\xed" 
  "\x7b\xed\x7b\xed\x7b\xed\x7b\xed\x7b\xed\x7b\xed\x7b\xed\x7b\xed\x7b\xed\x7b\xed\x7b\xcd\x7b\xcd\x7b\xcd\x7b\xcd\x73\xcd\x73" 
  "\xcd\x73\xcd\x73\xcd\x7b\xcd\x7b\xcd\x7b\xcd\x7b\xed\x7b\xed\x7b\xed\x7b\xee\x7b\xee\x7b\xee\x7b\xee\x7b" M20 
  "\xee\x7b\xed\x7b\xcd\x73\x8c\x73\x4b\x63\x0a\x5b\xc9\x5a\x88\x4a\x26\x42\xa5\x31\x41\x08" M27 "\xaa\x52\x04\x21" M21 
  "\x20\x00\x41\x08\x41\x08\x8b\x52\xce\x7b\x41\x10\x00\x00\x63\x00\xeb\x00\x4f\x01\x4f\x01\x2e\x01\xca\x08\x23\x00\x22\x00\x21" "\x00\x22\x00\xa8\x00\x0d\x09\x4f\x01\x4f\x01\x0d\x01\x64\x00\x00\x00\x00\x00\x07\x42\x72\x8c\xa4\x10" M15 "\x82\x10\x8e\x73\x20" M27 
  "\x00\xe2\x18\xe6\x39\x67\x4a\x88\x52\xa9\x52\xc9\x5a\x0a\x63\x2b\x63\x4c\x6b\x6c\x6b\x6c\x6b\x8c\x73\x8d\x73\x8d\x73\x8d\x73" 
  "\xad\x73\xad\x73\xad\x73\xad\x73\xad\x73\xad\x73\xad\x73\xad\x73\xcd\x73\xcd\x73\xcd\x73\xad\x73\xad\x73\xad\x73\xad\x73\xad" 
  "\x73\xad\x73\xad\x73\xad\x73\xad\x73\xad\x73\xad\x73\xad\x73\xad\x73\xad\x73\xad\x73\xad\x73\xad\x73\xad\x73\xad\x73\xad\x73" 
  "\xad\x73\xac\x73\xac\x73\xad\x73\xcd\x73\xcd\x73\xcd\x73\xcd\x73\xad\x73\xad\x73\xad\x73\xad\x73\xad\x73\xad\x73\xad\x73\xad" 
  "\x73\xad\x73\xad\x73\xad\x73\xad\x73\xad\x73\xad\x73\xad\x73\xac\x73\xac\x73\xad\x73\xad\x73\xad\x73\xad\x73\xad\x73\xad\x73" 
  "\xad\x73\xad\x73\xad\x73\xad\x73\xad\x73\xad\x73\xad\x73\xad\x73\xad\x73\xad\x73\xad\x73\xad\x73\xad\x73\xad\x73\xad\x73\xad" 
  "\x73\xad\x73\xad\x73\xcd\x73\xcd\x73\xcd\x73\xcd\x73\xcd\x73\xcd\x73\xcd\x73\xcd\x73\xcd\x73\xcd\x73\xcd\x73\xcd\x73\xcd\x73" 
  "\xcd\x73\xcd\x7b\xcd\x73\xcd\x73\xcd\x73\xcd\x7b\xcd\x7b\xcd\x7b\xcd\x7b\xcd\x7b\xcd\x7b\xcd\x7b\xcd\x7b\xcd\x73\xcd\x73\xcd" 
  "\x73\xcd\x73\xcd\x73\xcd\x73\xcd\x73\xcd\x7b\xcd\x7b\xcd\x7b\xcd\x7b\xcd\x73\xcd\x73\xcd\x73\xcd\x73\xcd\x7b\xcd\x7b\xcd\x7b" 
  "\xcd\x7b\xcd\x7b\xcd\x7b\xcd\x7b\xcd\x7b\xcd\x7b\xcd\x73\xcd\x73\xcd\x73\xcd\x73\xcd\x73\xcd\x73\xad\x73\xad\x73\xad\x73\xad" 
  "\x73\xad\x73\xad\x73\xcd\x73\xad\x73\xad\x73\xcd\x73\xcd\x73\xcd\x73\xcd\x7b\xcd\x7b\xed\x7b\xed\x7b\xee\x7b\xee\x7b\xee\x7b" 
  "\xee\x7b\xed\x7b\xcd\x7b\xad\x73\x8c\x6b\x4b\x63\x0a\x5b\xc9\x5a\xa8\x52\x88\x4a\xe6\x39\xe2\x18" M27 "\xa2\x10\x2c\x63\x61\x08" M21 
  "\x20\x00\x41\x08\x41\x08\x8b\x52\xce\x7b\x41\x10\x00\x00\x63\x00\x0b\x01\x4f\x01\x4f\x01\x2e\x01\xca\x08\x23\x00\x22\x00\x21" "\x00\x22\x00\xa8\x00\x2d\x09\x4f\x01\x4f\x01\x2d\x01\x64\x00\x00\x00\x00\x00\x07\x42\x72\x8c\xa4\x10" M13 "\xeb\x5a\xe7\x39" M25 
  "\x43\x21\x06\x42\x88\x52\x88\x52\xa9\x52\xea\x5a\x0a\x63\x2b\x63\x4b\x6b\x6c\x6b\x6c\x6b\x6c\x6b\x8c\x6b\x8c\x73\x8d\x73\x8d" 
  "\x73\x8d\x73\x8c\x73\x8d\x73\x8d\x73\xad\x73\xac\x73\xad\x73\xad\x73\xad\x73\xac\x73\xad\x73\xad\x73\xac\x73\xad\x73\xad\x73" 
  "\xac\x73\xac\x73\xac\x73\xac\x73\xac\x73\xac\x73\xac\x73\xac\x73\xac\x73\xac\x73\xac\x73\xac\x73\xac\x73\xac\x73\x8c\x73\x8c" 
  "\x73\x8c\x73\x8c\x73\xac\x73\xac\x73\xac\x73\xac\x73\xac\x73\xac\x73\xac\x73\xac\x73\x8c\x6b\x8c\x6b\x8c\x6b\x8c\x73\x8c\x73" 
  "\x8c\x73\x8c\x73\x8c\x73\x8c\x73\x8c\x73\x8c\x73\x8c\x73\xac\x73\xad\x73\xcd\x73\xac\x73\xac\x73\xac\x73\xac\x73\xac\x73\xac" 
  "\x73\xac\x73\xac\x73\x8c\x73\x8c\x73\x8c\x73\xac\x73\xac\x73\xac\x73\xac\x73\xac\x73\xac\x73\xac\x73\xac\x73\x8c\x73\x8c\x73" 
  "\x8c\x73\x8c\x73\xac\x73\xac\x73\xac\x73\xad\x73\xad\x73\xad\x73\xad\x73\xad\x73\xad\x73\xad\x73\xad\x73\xad\x73\xad\x73\xcd" 
  "\x73\xcd\x73\xad\x73\xac\x73\xad\x73\xad\x73\xad\x73\xad\x73\xad\x73\xad\x73\xad\x73\xac\x73\xac\x73\xac\x73\xac\x73\xad\x73" 
  "\xcd\x73\xcd\x73\xcd\x73\xcd\x73\xcd\x73\xad\x73\xad\x73\xac\x73\xac\x73\xac\x73\xac\x73\xad\x73\xad\x73\xad\x73\xad\x73\xad" 
  "\x73\xad\x73\xad\x73\xad\x73\xad\x73\xad\x73\xad\x73\xad\x73\xad\x73\xad\x73\xad\x73\xad\x73\xad\x73\xad\x73\xad\x73\xac\x73" 
  "\xad\x73\xad\x73\xac\x73\xac\x73\xac\x73\xac\x73\xac\x73\xad\x73\xad\x73\xcd\x73\xcd\x73\xcd\x7b\xcd\x7b\xcd\x7b\xcd\x73\xcd" 
  "\x73\xac\x73\x8c\x6b\x4b\x63\x0a\x63\xc9\x5a\xa9\x52\xa9\x52\x47\x42\x43\x29" M25 "\x28\x42\xcb\x5a" M19 
  "\x20\x00\x41\x08\x41\x08\x8b\x52\xce\x7b\x41\x10\x00\x00\x63\x00\x0b\x01\x4f\x09\x4f\x01\x2e\x01\xca\x08\x23\x00\x22\x00\x22" "\x00\x22\x00\xa8\x00\x2d\x09\x4f\x01\x4f\x01\x2d\x01\x64\x00\x00\x00\x00\x00\x07\x42\x72\x8c\xa4\x10" M13 "\x45\x29\xcf\x7b\xa2\x10" M27 
  "\x20\x00\x03\x21\xe6\x39\x47\x4a\x68\x4a\xa9\x52\xc9\x52\xea\x5a\x0a\x5b\x0a\x63\x2b\x63\x2b\x63\x4b\x63\x4c\x6b\x6c\x6b\x6c" 
  "\x6b\x6c\x6b\x6c\x6b\x6c\x6b\x6c\x6b\x6c\x6b\x6c\x6b\x6c\x6b\x6c\x6b\x6c\x6b\x6c\x6b\x6c\x6b\x6c\x6b\x8c\x6b\x8c\x6b\x8c\x6b" 
  "\x8c\x6b\x8c\x6b\x8c\x6b\x8c\x6b\x8c\x6b\x8c\x6b\x8c\x6b\x8c\x6b\x8c\x6b\x8c\x6b\x8c\x6b\x8c\x6b\x8c\x6b\x8c\x6b\x6c\x6b\x6c" 
  "\x6b\x6c\x6b\x6c\x6b\x6c\x6b\x6c\x6b\x6c\x6b\x6c\x6b\x6c\x6b\x6c\x6b\x6c\x6b\x6c\x6b\x6c\x6b\x6c\x6b\x6c\x6b\x6c\x6b\x6c\x6b" 
  "\x6c\x6b\x6c\x6b\x6c\x6b\x6c\x6b\x6c\x6b\x6c\x6b\x6b\x6b\x6c\x6b\x6c\x6b\x6c\x6b\x6c\x6b\x6c\x6b\x6c\x6b\x6c\x6b\x6b\x6b\x6b" 
  "\x6b\x6b\x6b\x6b\x6b\x6b\x6b\x6b\x6b\x6c\x6b\x6b\x6b\x6b\x6b\x6b\x6b\x6b\x6b\x6c\x6b\x6c\x6b\x6c\x6b\x6b\x6b\x6b\x6b\x6b\x6b" 
  "\x6b\x6b\x6b\x6b\x6c\x6b\x6c\x6b\x6c\x6b\x6c\x6b\x6c\x6b\x6c\x6b\x6c\x6b\x6c\x6b\x6c\x6b\x6c\x6b\x8c\x6b\x8c\x6b\x8c\x6b\x8c" 
  "\x6b\x8c\x6b\x8c\x6b\x6c\x6b\x8c\x6b\x8c\x6b\x8c\x6b\x8c\x6b\x8c\x6b\x8c\x6b\x8c\x6b\x8c\x6b\x8c\x6b\x8c\x6b\x8c\x6b\x8c\x6b" 
  "\x8c\x6b\x8c\x6b\x8c\x6b\x8c\x6b\x8c\x6b\x8c\x6b\x8c\x6b\x8c\x6b\x8c\x6b\x8c\x6b\x8c\x6b\x8c\x73\x8c\x73\x8c\x73\x8c\x73\x8c" 
  "\x73\x8c\x73\x8c\x73\x8c\x73\x8c\x73\x8c\x73\x8c\x6b\x8c\x6b\x8c\x6b\x8c\x6b\x8c\x6b\x8c\x6b\x8c\x6b\x8c\x6b\x8c\x6b\x8c\x6b" 
  "\x8c\x6b\x8c\x6b\x8c\x6b\x8c\x6b\x8c\x6b\x8c\x6b\x8c\x6b\x6c\x6b\x8c\x6b\x8c\x6b\x8c\x73\x8c\x73\x8c\x73\x8c\x6b\x8c\x6b\x6b" 
  "\x6b\x4b\x6b\x2b\x63\xea\x5a\xc9\x52\x88\x52\x68\x4a\x27\x42\x43\x21\x20" M27 "\x00\xc3\x18\x6d\x6b\x45\x29" M19 
  "\x20\x00\x41\x08\x41\x08\x8b\x52\xce\x7b\x41\x10\x00\x00\x63\x00\x0b\x01\x4f\x09\x4f\x01\x2e\x01\xca\x08\x23\x00\x22\x00\x22" "\x00\x22\x00\xa8\x00\x2d\x09\x4f\x01\x4f\x01\x2d\x01\x64\x00\x00\x00\x00\x00\x07\x42\x72\x8c\xa4\x10" M13 "\x41\x08\xeb\x5a\x28\x42" M24 
  "\xc2\x18\xc5\x31\xe6\x39\x27\x42\x47\x4a\x88\x4a\x88\x52\xa9\x52\xa9\x52\xc9\x52\xc9\x5a\xea\x5a\x0a\x5b\xea\x5a\x0a\x5b\x0a" "\x5b\x0a\x63\x2a\x63\x2a\x63\x2b\x63\x2b\x63\x2a\x63\x2b\x63\x2b\x63\x2b\x63\x2b\x63\x2b\x63\x2b\x63\x2b\x63\x2b\x63\x4b\x63" 
  "\x4b\x63\x4b\x63\x4b\x63\x4b\x63\x4b\x63\x4b\x63\x4b\x63\x4b\x63\x4b\x63\x4b\x63\x4b\x63\x4b\x63\x2b\x63\x2b\x63\x2b\x63\x2b" 
  "\x63\x2a\x63\x2a\x63\x2a\x63\x2a\x63\x2a\x63\x2a\x63\x2a\x63\x2a\x63\x2a\x63\x2a\x63\x2b\x63\x2a\x63\x2a\x63\x2a\x63\x2a\x63" 
  "\x2a\x63\x2a\x63\x2a\x63\x2a\x63\x4b\x63\x2b\x63\x2a\x63\x2a\x63\x2b\x63\x2b\x63\x2b\x63\x2a\x63\x0a\x5b\x0a\x5b\x0a\x5b\x2a" 
  "\x63\x2a\x63\x2a\x63\x2a\x63\x0a\x63\x0a\x5b\x0a\x5b\x0a\x63\x0a\x63\x0a\x63\x2a\x63\x0a\x63\x0a\x63\x0a\x63\x0a\x63\x0a\x63" 
  "\x0a\x63\x0a\x63\x0a\x63\x2a\x63\x2a\x63\x2a\x63\x0a\x63\x0a\x63\x0a\x63\x2b\x63\x2b\x63\x2b\x63\x2b\x63\x2b\x63\x2b\x63\x4b" 
  "\x63\x4b\x63\x2b\x63\x2b\x63\x2b\x63\x2b\x63\x2b\x63\x2b\x63\x2b\x63\x2b\x63\x4b\x63\x2b\x63\x2b\x63\x2b\x63\x2b\x63\x2b\x63" 
  "\x2b\x63\x2b\x63\x2b\x63\x2b\x63\x2b\x63\x4b\x63\x4b\x63\x4b\x63\x4b\x63\x4b\x6b\x4b\x6b\x4b\x6b\x4b\x6b\x4b\x6b\x4b\x63\x4b" 
  "\x6b\x4b\x6b\x4b\x63\x4b\x63\x4b\x63\x4b\x63\x4b\x63\x4b\x63\x4b\x63\x4b\x63\x4b\x63\x4b\x63\x4b\x63\x4b\x63\x4b\x63\x2b\x63" 
  "\x4b\x63\x4b\x63\x4b\x63\x4b\x6b\x2b\x63\x2b\x63\x2b\x63\x2b\x63\x4b\x63\x4b\x63\x2b\x63\x2b\x63\x2a\x63\x0a\x63\xea\x5a\xc9" 
  "\x5a\x88\x52\x68\x4a\x27\x42\x06\x3a\x02\x19\x20" M25 "\x00\x49\x4a\x69\x4a\x41\x08" M19 
  "\x20\x00\x41\x08\x41\x08\x6b\x52\xce\x7b\x41\x10\x00\x00\x63\x00\x0b\x01\x4f\x09\x4f\x01\x2e\x01\xca\x08\x23\x00\x22\x00\x22" "\x00\x22\x00\xa8\x00\x2d\x09\x4f\x01\x4f\x01\x2d\x01\x64\x00\x00\x00\x00\x00\x07\x42\x72\x8c\xa4\x18" M12 "\x82\x10\x2c\x63\xe7\x39\x20" M25 
  "\x00\x41\x08\xa2\x10\x03\x19\x44\x29\xa6\x31\xa6\x31\xa6\x31\xa6\x31\xc6\x39\xc6\x39\xe7\x39\xe7\x39\xe7\x39\x07\x3a\x07\x3a" 
  "\x07\x42\x07\x42\x07\x42\x07\x42\x07\x42\x07\x42\x07\x42\x27\x42\x27\x42\x28\x42\x28\x42\x28\x42\x48\x4a\x48\x4a\x48\x4a\x48" "\x4a\x28\x42\x28\x42\x28\x42\x28\x42\x27\x42\x27\x42\x28\x42\x48\x4a\x48\x42\x07\x42\x27\x42\x07\x42\xe6\x39\xa5\x31\x85\x31" 
  "\xa6\x31\xc6\x31\xc6\x31\xc6\x31\xa5\x31\xa5\x31\xa5\x31\x85\x31\x64\x29\x64\x29\x64\x29\x64\x29\x64\x29\x64\x29\x64\x29\x64" 
  "\x29\x64\x29\x64\x29\x64\x29\x64\x29\x64\x29\x44\x29\x44\x29\x44\x21\x44\x21\x44\x29\x44\x21\x23\x21\x23\x21\x23\x21\x23\x21" 
  "\x23\x21\x23\x21\x23\x21\x23\x21\x23\x21\x23\x21\x23\x21\x03\x21\x03\x21\x03\x21\x03\x21\x03\x21\x03\x21\x03\x21\x03\x21\x03" 
  "\x21\x03\x21\x23\x21\x23\x21\x23\x21\x24\x21\x44\x21\x44\x21\x24\x21\x44\x29\x44\x29\x44\x29\x44\x29\x44\x29\x64\x29\x64\x29" 
  "\x64\x29\x64\x29\x64\x29\x64\x29\x64\x29\x64\x29\x64\x29\x64\x29\x64\x29\x64\x29\x64\x29\x64\x29\xa5\x31\xc6\x39\xc6\x31\xc6" 
  "\x31\xe6\x39\xe6\x39\xc6\x39\xc6\x39\xa6\x31\xc6\x39\x07\x42\x27\x42\x28\x42\x27\x42\x48\x4a\x68\x4a\x28\x42\x28\x42\x28\x42" 
  "\x48\x42\x48\x42\x48\x42\x28\x42\x48\x4a\x68\x4a\x48\x4a\x48\x4a\x48\x4a\x48\x4a\x48\x4a\x48\x4a\x48\x4a\x48\x4a\x48\x4a\x48" 
  "\x4a\x48\x4a\x48\x4a\x68\x4a\x48\x4a\x48\x4a\x68\x4a\x68\x4a\x69\x4a\x69\x4a\x68\x4a\x68\x4a\x48\x42\x28\x42\x27\x42\x07\x42" 
  "\xc6\x39\x44\x29\xc2\x18\x61\x08" M24 "\xe7\x39\x2c\x63\x82\x10" M18 
  "\x20\x00\x41\x08\x41\x08\x6b\x52\xce\x7b\x41\x10\x00\x00\x63\x00\x0b\x01\x4f\x09\x4f\x01\x2e\x01\xea\x08\x23\x00\x22\x00\x22" "\x00\x22\x00\xa8\x00\x2d\x09\x4f\x09\x4f\x01\x2d\x01\x64\x00\x00\x00\x00\x00\x07\x42\x72\x94\xa4\x18" M10 "\x86\x31\xef\x7b\xa6\x31" M7 M7 M7 M7 M7 M7 M7 M7 M7 M7 M7 M22 "\x65\x29\x30\x84\x45\x29" M16 
  "\x20\x00\x41\x08\x41\x08\x6b\x52\xce\x7b\x41\x10\x00\x00\x63\x00\x0b\x01\x6f\x09\x4f\x09\x2e\x01\xea\x08\x23\x00\x22\x00\x42" "\x00\x22\x00\xa8\x00\x2d\x09\x4f\x09\x4f\x01\x2d\x09\x84\x00\x00\x00\x00\x00\x07\x42\x72\x94\xa4\x18" M9 
  "\x45\x29\x4d\x6b\x49\x4a\xa2\x10" M7 
  M7 
  M7 
  M7 
  M7 
  M7 
  M7 
  M7 
  M7 
  M7 
  M7 
  "\x00\x00\x00\x00\xa2\x10\x69\x4a\x4d\x6b\xe3\x18" M15 
  "\x20\x00\x41\x08\x41\x08\x6b\x52\xce\x7b\x41\x10\x00\x00\x63\x00\x0b\x01\x6f\x09\x4f\x09\x2e\x01\xea\x08\x23\x00\x42\x00\x42" "\x00\x22\x00\xa8\x00\x2d\x09\x4f\x09\x4f\x01\x2d\x09\x84\x00\x00\x00\x00\x00\x07\x42\x72\x94\xa4\x18" M7 
  "\xc3\x18\x2c\x63\x4d\x6b\xe7\x39\x82\x10" M7 M7 M7 M7 M7 M7 M7 M7 M7 M7 M10 
  "\x61\x08\xc7\x39\x4d\x6b\xeb\x5a\x82\x10" M13 
  "\x20\x00\x41\x08\x41\x08\x6b\x52\xce\x7b\x41\x10\x00\x00\x64\x00\x0b\x01\x6f\x09\x6f\x09\x2e\x01\xea\x08\x23\x00\x42\x00\x42" "\x00\x22\x00\xa8\x00\x2d\x09\x4f\x09\x6f\x09\x2d\x09\x84\x00\x00\x00\x00\x00\x07\x42\x72\x94\xa4\x18" M7 
  "\x00\x00\x41\x08\x86\x31\xeb\x5a\x2c\x63\x8a\x52\xe7\x39\x45\x29\xe3\x18\xa2\x10\xa2\x10\xa2\x10\xa2\x10\xc3\x18\xc3\x18\xc3" 
  "\x18\xc3\x18\xc3\x18\xc3\x18\xc3\x18\xe3\x18\x04\x21\x04\x21\xe3\x18\x04\x21\x04\x21\x04\x21\x04\x21\x24\x21\x24\x21\x24\x21" 
  "\x24\x21\x45\x29\x45\x29\x45\x29\x45\x29\x45\x29\x45\x29\x45\x29\x45\x29\x45\x29\x45\x29\x45\x29\x65\x29\x65\x29\x65\x29\x45" 
  "\x29\x45\x29\x45\x29\x45\x29\x45\x29\xa6\x31\xa6\x31\xa6\x31\xa6\x31\xc7\x39\xc7\x39\xc7\x39\xe7\x39\xe7\x39\xe7\x39\xe7\x39" 
  "\x28\x42\x49\x4a\x49\x4a\x49\x4a\x28\x42\x28\x42\x28\x42\x28\x42\x69\x4a\x69\x4a\x69\x4a\x69\x4a\x69\x4a\x69\x4a\x69\x4a\x69" 
  "\x4a\x8a\x52\x69\x4a\x69\x4a\x8a\x52\xaa\x52\x8a\x52\x8a\x52\xaa\x52\x8a\x52\x8a\x52\x8a\x52\x8a\x52\x8a\x52\x8a\x52\x8a\x52" 
  "\xaa\x52\xaa\x52\xaa\x52\x8a\x52\x8a\x52\x8a\x52\x8a\x52\xaa\x52\xaa\x52\x8a\x52\x69\x4a\x69\x4a\x8a\x52\x69\x4a\x69\x4a\x69" 
  "\x4a\x69\x4a\x69\x4a\x69\x4a\x69\x4a\x69\x4a\x28\x42\x28\x42\x28\x42\x28\x42\x49\x4a\x49\x4a\x49\x4a\x28\x42\xe7\x39\xe7\x39" 
  "\xe7\x39\xe7\x39\xc7\x39\xc7\x39\xc7\x39\xa6\x31\xa6\x31\xa6\x31\xa6\x31\x45\x29\x45\x29\x45\x29\x45\x29\x45\x29\x65\x29\x65" 
  "\x29\x65\x29\x45\x29\x45\x29\x65\x29\x45\x29\x45\x29\x45\x29\x45\x29\x45\x29\x45\x29\x45\x29\x45\x29\x24\x21\x24\x21\x24\x21" 
  "\x24\x21\x04\x21\x04\x21\x04\x21\x04\x21\xe3\x18\xe3\x18\x04\x21\xe3\x18\xc3\x18\xc3\x18\xc3\x18\xc3\x18\xc3\x18\xc3\x18\xc3" 
  "\x18\xa2\x10\xa2\x10\xa2\x10\xa2\x10\xe3\x18\x45\x29\xe7\x39\x8a\x52\x2c\x63\xcb\x5a\x45\x29\x20" M12 "\x00\x20\x00\x41\x08\x41\x08\x6b\x52\xce\x7b\x41\x10\x00\x00\x64\x00\x0b\x09\x6f\x09\x6f\x09\x4e\x01\xea\x08\x23\x00\x42\x00" 
  "\x42\x00\x22\x00\xa8\x00\x2d\x09\x6f\x09\x6f\x09\x2e\x09\x85\x00\x00\x00\x00\x00\xe7\x41\x92\x94\xa4\x18" M7 M25 
  "\xa2\x10\xe7\x39\xaa\x52\x4d\x6b\x6d\x6b\x8e\x73\x8e\x73\x8e\x73\x8e\x73\x6d\x6b\x8e\x73\x8e\x73\x8e\x73\x6d\x6b\x6d\x6b\x8e" "\x73\x8e\x73\x6d\x6b\x6d\x6b\x4d\x6b\x8e\x73\x8e\x73\x8e\x73\x8e\x73\x8e\x73\x6d\x6b\x6d\x6b\x6d\x6b\x8e\x73\x8e\x73\x8e\x73" 
  "\x8e\x73\x8e\x73\x8e\x73\x8e\x73\x6d\x6b\x6d\x6b\x6d\x6b\x6d\x6b\x4d\x6b\x4d\x6b\x4d\x6b\x4d\x6b\xeb\x5a\xcb\x5a\xcb\x5a\xcb" 
  "\x5a\x8a\x52\x8a\x52\x8a\x52\x8a\x52\x8a\x52\x8a\x52\xaa\x52\x8a\x52\x49\x4a\x69\x4a\x69\x4a\x49\x4a\x49\x4a\x49\x4a\x49\x4a" 
  "\x49\x4a\x49\x4a\x69\x4a\x69\x4a\x28\x42\x49\x4a\x49\x4a\x49\x4a\x08\x42\x28\x42\x28\x42\x28\x42\x08\x42\x28\x42\x28\x42\x08" 
  "\x42\x08\x42\x08\x42\x08\x42\x08\x42\x08\x42\x08\x42\x08\x42\xe7\x39\x08\x42\x08\x42\xe7\x39\xc7\x39\xc7\x39\xe7\x39\xc7\x39" 
  "\xa6\x31\xc7\x39\xe7\x39\xe7\x39\xe7\x39\x08\x42\x08\x42\x08\x42\x08\x42\x08\x42\x28\x42\x08\x42\x08\x42\x28\x42\x28\x42\x28" 
  "\x42\x28\x42\x49\x4a\x49\x4a\x49\x4a\x49\x4a\x28\x42\x28\x42\x28\x42\x28\x42\x49\x4a\x49\x4a\x49\x4a\x69\x4a\x8a\x52\x8a\x52" 
  "\x8a\x52\x8a\x52\x8a\x52\x8a\x52\x8a\x52\xaa\x52\xcb\x5a\xcb\x5a\xcb\x5a\x2c\x63\x2c\x63\x4d\x6b\x4d\x6b\x4d\x6b\x4d\x6b\x4d" 
  "\x6b\x4d\x6b\x6d\x6b\x4d\x6b\x4d\x6b\x4d\x6b\x4d\x6b\x4d\x6b\x4d\x6b\x2c\x63\x2c\x63\x4d\x6b\x4d\x6b\x6d\x6b\x8e\x73\x8e\x73" 
  "\x8e\x73\x6d\x6b\x6d\x6b\x6d\x6b\x8e\x73\xae\x73\x8e\x73\x6d\x6b\x8e\x73\x8e\x73\x8e\x73\x8e\x73\x8e\x73\x8e\x73\x8e\x73\x8e" 
  "\x73\x6d\x6b\x4d\x6b\x8a\x52\xc7\x39\x82\x10" M7 
  "\x20\x00\x41\x08\x41\x08\x6b\x52\xce\x7b\x41\x10\x00\x00\x64\x00\x2c\x09\x6f\x09\x6f\x09\x4e\x01\xea\x08\x23\x00\x42\x00\x42" "\x00\x22\x00\xc9\x00\x4d\x09\x6f\x09\x6f\x09\x2e\x09\x85\x00\x00\x00\x00\x00\xe7\x41\x92\x94\xa4\x18" M7 M21 
  "\x41\x08\x82\x10\x82\x10\x82\x10\x82\x10\x82\x10\x82\x10\x82\x10\x82\x10\x82\x10\x61\x08\x82\x10\x82\x10\x82\x10\x61\x08\x61" "\x08\x61\x08\x61\x08\x61\x08\x41\x08\x41\x08\x20" M7 M7 M7 M7 M7 M7 M7 M9 
  "\x00\x41\x08\x61\x08\x61\x08\x61\x08\x61\x08\x82\x10\x82\x10\x82\x10\x82\x10\x82\x10\x82\x10\x82\x10\xa2\x10\x82\x10\x82\x10" "\x82\x10\x82\x10\x82\x10\x82\x10\x82\x10\x41\x08" M7 M27 
  "\x20\x00\x41\x08\x41\x08\x6b\x52\xce\x7b\x41\x10\x00\x00\x64\x00\x2c\x09\x6f\x09\x6f\x09\x4e\x09\xea\x08\x23\x00\x43\x00\x42" "\x00\x22\x00\xc9\x08\x4e\x09\x6f\x09\x6f\x09\x2e\x09\x85\x00\x00\x00\x00\x00\xe7\x41\x92\x94\xa4\x18" M7 M7 M7 M7 M7 M7 M7 M7 M7 M7 M7 M7 M7 M25 
  "\x20\x00\x41\x08\x41\x08\x6b\x52\xce\x7b\x41\x10\x00\x00\x64\x00\x2c\x09\x6f\x09\x6f\x09\x4e\x09\xeb\x08\x23\x00\x43\x00\x42" "\x00\x22\x00\xc9\x08\x4e\x09\x6f\x09\x6f\x09\x2e\x09\x85\x00\x00\x00\x00\x00\xe7\x41\x92\x94\xa4\x18" M7 M7 M7 M7 M7 M7 M7 M7 M7 M7 M7 M7 M7 M25 
  "\x20\x00\x41\x08\x41\x08\x6b\x52\xce\x7b\x41\x10\x00\x00\x64\x00\x2c\x09\x6f\x09\x6f\x09\x4e\x09\xeb\x08\x23\x00\x43\x00\x42" "\x00\x22\x00\xc9\x08\x4e\x09\x6f\x09\x6f\x09\x2e\x09\x85\x00\x00\x00\x00\x00\xe7\x41\x92\x94\xa4\x18" M7 M10 "\xa2\x10\x20" M27 
  "\x00\x61\x08\xa2\x10\x00\x00\x00\x00\xc3\x18\x24\x21\x04\x21\x61\x08\x00\x00\x00\x00\xe3\x18\x04\x21\x24\x21\xa2\x10\x00\x00" 
  "\x00\x00\x82\x10\xe3\x18\x44\x21\x24\x21" M7 M7 "\x82\x10\x20\x00\x00\x00\x00\x00\x41\x08" M22 
  "\xa2\x10\x20\x00\x00\x00\x00\x00\x61\x08\x24\x21\x24\x21\x24\x21\xa2\x10\x00\x00\x00\x00\xa2\x10" M25 
  "\xa2\x10\x41\x08" M22 
  "\x41\x08\xc3\x18\xe3\x18\xe3\x18\xa2\x10\x00\x00\x20\x00\xc3\x18\x20\x00\x00\x00\x00\x00\x82\x10\x20" M24 
  "\x00\x20\x00\x24\x21\x65\x29\x65\x29\x24\x21\x20\x00\x00\x00\x65\x29\x86\x31\xa6\x31\xa2\x10\x41\x08\x24\x21\x86\x31\x86\x31" "\x82\x10" M21 
  "\x41\x08\x45\x29\x45\x29\x82\x10" M25 "\x82\x10\x20\x00\x00\x00\x20" M27 
  "\x00\x20\x00\x00\x00\x82\x10\xe3\x18\xe3\x18\x24\x21\xe3\x18" M7 M15 
  "\x20\x00\x41\x08\x41\x08\x6b\x52\xce\x7b\x41\x10\x00\x00\x84\x00\x2c\x09\x6f\x09\x6f\x09\x4f\x09\xeb\x08\x24\x00\x43\x00\x43" "\x00\x22\x00\xc9\x08\x4e\x09\x6f\x09\x6f\x09\x2e\x09\x85\x00\x00\x00\x00\x00\xe7\x41\x92\x94\xa4\x18" M7 M25 "\x00\x08\x00\x08\x20\x18\x21\x30\x00\x18" M25 
  "\xc3\x18\x6d\x6b\x28\x42\x00\x00\x00\x00\x41\x08\x2c\x63\xef\x7b\x20\x00\xaa\x52\x2c\x63\xaa\x52\xcb\x5a\x8e\x73\xc7\x39\x45" 
  "\x29\x8e\x73\x0c\x63\x0c\x63\x4c\x63\x0c\x63\xa2\x10\x4c\x63\x0c\x63\xcb\x5a\xcb\x5a\xc3\x18" M7 M10 "\x65\x29\x8d\x6b\xaa\x52\x00\x00\x00\x00\xe7\x39\x24\x21" M25 
  "\x24\x21\xae\x73\xcb\x5a\x20\x00\x00\x00\xaa\x52\x6d\x6b\xcb\x5a\xeb\x5a\x6d\x6b\x24\x21\x86\x31\x10\x84\xc7\x39\x00\x00\x00" 
  "\x00\x45\x29\x10\x84\x28\x42" M22 
  "\x89\x4a\xeb\x5a\xaa\x52\xaa\x52\x4c\x63\xe7\x39\x65\x29\x10\x84\x8a\x52\x20\x00\x00\x00\x8a\x52\xe3\x18\x00\x00\x00\x00\x20" 
  "\x00\x00\x00\x00\x00\x49\x4a\xeb\x5a\x8a\x52\xaa\x52\x4d\x6b\xa6\x31\x65\x29\x8e\x73\x69\x4a\xaa\x52\x65\x29\x28\x42\xae\x73" 
  "\x69\x4a\x89\x4a\x24\x21\x00\x00\x00\x00\x20\x00\x69\x4a\x04\x21\x00\x00\xc2\x10\x8d\x6b\xeb\x5a\xaa\x52\x6d\x6b\xa6\x31\x00" 
  "\x00\x82\x10\x89\x4a\x0f\x7c\x28\x42\x41\x08\xcb\x5a\x41\x08\x00\x00\x00\x00\xc7\x39\xe3\x18\xaa\x52\x8a\x52\x69\x4a\xaa\x52" "\x4d\x6b\xc3\x18" M25 
  "\x00\x10\x20\x20\x00\x20\x00\x10\x00\x08" M7 
  "\x00\x00\x20\x00\x41\x08\x41\x08\x6b\x52\xce\x7b\x41\x10\x00\x00\x84\x00\x2c\x09\x6f\x09\x6f\x09\x4f\x09\xeb\x08\x24\x00\x43" 
  "\x00\x43\x00\x22\x00\xc9\x08\x4e\x09\x6f\x09\x6f\x09\x2e\x09\x85\x00\x00\x00\x00\x00\xe7\x41\x93\x94\xa4\x18" M7 
  "\x00\x10\x20\x20\x20\x30\x20\x40\x21\x50\x21\x60\x21\x68\x21\x68\x21\x50\x00\x08" M27 
  "\x24\x21\x6d\x6b\x2c\x63\x44\x21\x20\x00\x49\x4a\x0c\x63\x71\x8c\x61\x08\x8e\x73\xc3\x18\x00\x00\x20\x00\x49\x4a\xaa\x52\xa6" 
  "\x31\x69\x4a\x20\x00\x20\x00\xa2\x10\xeb\x5a\x65\x29\xce\x73\xcb\x5a\x07\x3a\xa6\x31\x61\x08" M7 M12 "\x20\x00\x0b\x5b\xa6\x31\x2c\x63\x24\x21\x20\x00\x49\x4a\x45\x29" M27 
  "\x41\x08\x6d\x6b\x65\x29\x2c\x63\xa6\x31\x00\x00\xeb\x5a\x8a\x52\x86\x31\xe7\x39\x6d\x6b\x86\x31\x28\x42\x2c\x63\x2c\x63\xc3" 
  "\x18\x61\x08\x4c\x63\xaa\x52\x49\x4a" M24 
  "\x41\x08\x0c\x63\xe3\x18\x20\x00\x20\x00\xa6\x31\x4c\x63\xe7\x39\x0c\x63\xaa\x52\xeb\x5a\x41\x08\x2c\x63\x45\x21\x00\x00\x82" 
  "\x10\x2c\x63\x61\x08\x00\x00\x2c\x63\x82\x10\x00\x00\x00\x00\x85\x29\x49\x4a\x08\x42\xae\x73\x69\x4a\xaa\x52\x04\x21\x69\x4a" 
  "\xae\x73\x8a\x52\xaa\x52\xc3\x18\x00\x00\x00\x00\x08\x42\xaa\x52\x20\x00\x00\x00\x61\x08\xe3\x18\xc3\x18\x04\x21\x0c\x63\x08" 
  "\x42\x45\x29\x4c\x63\x08\x42\x28\x42\x8a\x52\x61\x08\x0f\x7c\xca\x52\xaa\x52\xaa\x52\xef\x7b\x45\x29\x2c\x63\x08\x42\x86\x31" "\xc7\x39\xae\x73\xe3\x18" M27 
  "\x00\x08\x41\x40\x42\x68\x21\x70\x21\x68\x21\x60\x21\x50\x21\x38\x20\x30\x00\x20" M12 
  "\x20\x00\x41\x08\x41\x08\x6b\x52\xce\x7b\x41\x10\x00\x00\x84\x00\x2c\x09\x8f\x09\x6f\x09\x4f\x09\xeb\x08\x24\x00\x43\x00\x43" "\x00\x22\x00\xc9\x08\x4e\x09\x6f\x09\x6f\x09\x2e\x09\x85\x00\x00\x00\x00\x00\xe7\x41\x93\x94\xa4\x18" M7 
  "\x21\x30\x21\x40\x21\x48\x21\x58\x20\x68\x21\x70\x21\x78\x21\x78\x41\x58\x00\x08" M27 
  "\x65\x29\xaa\x52\xc7\x39\x4d\x6b\x86\x31\x4d\x6b\x03\x19\x30\x84\x82\x10\xce\x73\x82\x10\x00\x00\x00\x00\x28\x42\xaa\x52\xe7" 
  "\x39\x49\x4a\x00\x00\x00\x00\x61\x08\xeb\x5a\x86\x31\xef\x7b\xcb\x5a\x28\x42\xe7\x39\x20" M7 M12 "\x00\x45\x29\xcf\x7b\xe7\x39\x6d\x6b\x0c\x63\x61\x08\x69\x4a\x45\x29" M27 
  "\x45\x29\x51\x8c\xc7\x39\x6d\x6b\x4d\x6b\x20\x00\x6d\x6b\xae\x73\x2c\x63\x6d\x6b\x30\x84\x86\x31\x49\x4a\x28\x42\xe7\x39\xaa" 
  "\x52\x8a\x52\x69\x4a\xa6\x31\x89\x4a" M24 
  "\x41\x08\xeb\x5a\x82\x10\x00\x00\x00\x00\xa6\x31\x2c\x63\x28\x42\x69\x4a\x82\x10\x0c\x63\x28\x42\x6d\x6b\x04\x21\x00\x00\x82" 
  "\x10\x4d\x6b\x61\x08\x00\x00\x2c\x63\x61\x08\x00\x00\x00\x00\x85\x29\x49\x4a\x28\x42\x6d\x6b\x08\x42\x28\x42\xc3\x18\x49\x4a" 
  "\x4d\x6b\xe7\x39\xc7\x39\x82\x10\x00\x00\x82\x10\x6d\x6b\xe3\x18\x00\x00\x00\x00\x61\x08\xcb\x5a\x0c\x63\xca\x52\x49\x4a\xa2" 
  "\x10\x0c\x63\xce\x73\x28\x42\x2c\x63\x4d\x6b\x82\x10\xef\x7b\x49\x4a\x08\x42\x08\x42\x4d\x6b\x45\x29\x8e\x73\x0c\x63\xeb\x5a" "\x0c\x63\xef\x7b\xa2\x10" M27 
  "\x00\x08\x41\x48\x21\x78\x21\x80\x21\x78\x21\x70\x21\x60\x41\x50\x21\x38\x20\x28" M12 
  "\x20\x00\x41\x08\x41\x08\x6b\x52\xce\x7b\x41\x10\x00\x00\x84\x00\x2c\x09\x8f\x09\x8f\x09\x4f\x09\xeb\x08\x24\x00\x43\x00\x43" "\x00\x22\x00\xc9\x08\x4e\x09\x8f\x09\x6f\x09\x2e\x09\x85\x00\x00\x00\x00\x00\xe7\x41\x93\x94\xa4\x18" M7 M27 
  "\x00\x10\x00\x20\x20\x30\x20\x40\x41\x48\x20\x20" M25 
  "\x45\x29\x69\x4a\x20\x00\xaa\x52\xcf\x7b\x24\x21\x41\x08\xcf\x7b\x61\x08\x8d\x6b\xaa\x52\x28\x42\x49\x4a\x6d\x6b\x08\x42\xe7" 
  "\x39\x6d\x6b\x69\x4a\x49\x4a\xeb\x5a\x2c\x63\xc3\x18\xae\x73\xca\x52\x08\x42\x08\x42\xa2\x10" M7 M13 
  "\x82\x10\xeb\x5a\x8a\x52\x69\x4a\x28\x42\x6d\x6b\x24\x21\x69\x4a\xeb\x5a\x08\x3a\xc7\x39\x82\x10\x0c\x63\x69\x4a\x08\x42\x08" "\x42\x2c\x63\xe3\x18\x8a\x52\x82\x10\x00\x00\x00\x00\xa6\x31\x66\x29\x28\x42\xa6\x31\x61\x08\x2c\x63\x2c\x63\x21\x00\x86\x31" 
  "\xc7\x39" M22 
  "\x8a\x52\x0c\x63\x69\x4a\x69\x4a\x6d\x6b\xe7\x39\xc7\x39\x49\x4a\x00\x00\x20\x00\xaa\x52\x71\x8c\x04\x21" M24 
  "\x8a\x52\xcb\x5a\x8a\x52\x8a\x52\x2c\x63\xa6\x31\xa6\x31\xc7\x39" M27 "\xe7\x39\xa6\x31" M25 "\x49\x4a\x86\x31" M27 
  "\x86\x31\x10\x84\x69\x4a\x69\x4a\x28\x42\xa2\x10\x24\x21\x49\x4a\x28\x42\xeb\x5a\x2c\x63\xa2\x10\x0c\x63\x41\x08\x00\x00\x00" 
  "\x00\x28\x42\x04\x21\x8a\x4a" M27 "\x49\x4a\xc3\x18" M25 
  "\x20\x28\x21\x50\x20\x38\x20\x28\x00\x10\x00\x08\x00\x08" M9 
  "\x20\x00\x41\x08\x41\x08\x6b\x52\xce\x7b\x41\x10\x00\x00\x84\x00\x2c\x09\x8f\x09\x8f\x09\x4f\x09\xeb\x08\x24\x00\x43\x00\x43" "\x00\x22\x00\xc9\x08\x4e\x09\x8f\x09\x6f\x09\x2e\x09\x85\x00\x00\x00\x00\x00\xe7\x41\x93\x94\xa4\x18" M7 M21 "\x00\x08" M24 
  "\x82\x10\x04\x21\x00\x00\x41\x08\x86\x31\x00\x00\x00\x00\x86\x31\x00\x00\x24\x21\xe7\x39\x28\x42\x08\x42\xe7\x39\x82\x10\xa2" 
  "\x10\x08\x42\x28\x42\x28\x42\xc7\x39\xe3\x18\x20\x00\xa6\x31\x28\x42\x49\x4a\x08\x42\x61\x08" M7 M13 "\x21\x00\xa3\x10" M27 "\xc3\x18\x82\x10\xe3\x18\x28\x42\x29\x42\xe7\x39\x41\x08\xe4\x18" M27 
  "\xa3\x10\x41\x08\xa3\x10\x20\x00\x00\x00\x00\x00\x62\x08\x61\x08\x82\x10\x41\x08\x00\x00\xa2\x10\xa2\x10\x00\x00\x21\x00\x61" "\x08" M22 
  "\xe3\x18\x08\x42\x69\x4a\x49\x42\x86\x31\x41\x08\x82\x10\xc3\x18\x00\x00\x00\x00\x61\x08\xc7\x39\x41\x08" M24 
  "\x82\x10\x86\x31\xc7\x39\xc7\x39\x45\x29\x20\x00\x41\x08\x41\x08" M27 "\x61\x08\x41\x08" M25 "\xa2\x10\x20" M27 
  "\x00\x61\x08\x86\x31\xa6\x31\xa6\x31\xa6\x31\x82\x10" M27 "\x41\x08\xa2\x10\x20\x00\xe3\x18" M27 
  "\x61\x08\x20\x00\xa2\x10" M27 "\x61\x08\x20" M22 "\x08" M7 M25 
  "\x20\x00\x41\x08\x41\x08\x6b\x52\xce\x7b\x41\x10\x00\x00\x84\x00\x4c\x09\x8f\x09\x8f\x09\x6f\x09\xeb\x08\x24\x00\x43\x00\x43" "\x00\x22\x00\xc9\x08\x6e\x09\x8f\x09\x8f\x09\x4e\x09\x85\x00\x00\x00\x00\x00\xe7\x41\x93\x94\xa4\x18" M7 M7 M7 M7 M7 M7 M7 M7 M7 M7 M7 M7 M7 M25 
  "\x20\x00\x41\x08\x41\x08\x6b\x52\xce\x7b\x41\x10\x00\x00\x85\x00\x4c\x09\x8f\x09\x8f\x09\x6f\x09\x0b\x09\x44\x00\x63\x00\x43" "\x00\x22\x00\xc9\x08\x6e\x09\x8f\x09\x8f\x09\x4e\x09\x85\x00\x00\x00\x00\x00\xe7\x41\x93\x94\xa4\x18" M7 M7 M7 M7 M7 M7 M7 M7 M7 M7 M7 M7 M7 M25 
  "\x20\x00\x41\x08\x41\x08\x6b\x52\xce\x7b\x41\x10\x00\x00\x85\x00\x4c\x09\x8f\x09\x8f\x09\x6f\x09\x0b\x09\x44\x00\x63\x00\x63" "\x00\x22\x00\xc9\x08\x6e\x09\x8f\x09\x8f\x09\x4e\x09\x85\x00\x00\x00\x00\x00\xe7\x41\x93\x94\xa4\x18" M7 M7 M7 M7 M9 
  "\x21\x00\x43\x00\x43\x00\x43\x00\x43\x00\x44\x00\x44\x00\x43\x00\x43\x00\x43\x00\x43\x00\x43\x00\x44\x00\x44\x00\x44\x00\x44" 
  "\x00\x44\x00\x44\x00\x44\x00\x44\x00\x44\x00\x44\x00\x43\x00\x43\x00\x43\x00\x43\x00\x44\x00\x44\x00\x44\x00\x44\x00\x44\x00" 
  "\x44\x00\x45\x00\x45\x00\x45\x00\x45\x00\x44\x00\x44\x00\x44\x00\x44\x00\x44\x00\x44\x00\x44\x00\x44\x00\x44\x00\x44\x00\x44" 
  "\x00\x44\x00\x45\x00\x45\x00\x44\x00\x44\x00\x44\x00\x44\x00\x44\x00\x44\x00\x44\x00\x22\x00\x01" M7 M7 M7 M7 M16 "\x00\x20\x00\x41\x08\x41\x08\x6b\x52\xce\x7b\x41\x10\x00\x00\x85\x00\x4d\x09\x8f\x09\x8f\x09\x6f\x09\x0b\x09\x44\x00\x63\x00" 
  "\x63\x00\x22\x00\xc9\x08\x6e\x09\x8f\x09\x8f\x09\x4e\x09\x85\x00\x00\x00\x00\x00\xe7\x41\x92\x94\xa4\x18" M7 M7 M7 M7 M12 
  "\x22\x00\x66\x00\xca\x00\xec\x00\xec\x00\xec\x00\xec\x00\xec\x00\xec\x00\xec\x00\xec\x00\xec\x00\xec\x00\xed\x00\xed\x08\xed" 
  "\x00\xed\x00\xed\x00\xed\x00\xed\x00\xed\x00\xed\x00\xed\x00\xed\x00\xed\x00\xed\x00\xed\x00\xed\x00\xed\x00\xed\x00\xed\x00" 
  "\xed\x00\xed\x00\xed\x00\xed\x08\xed\x08\xee\x08\xee\x08\xed\x00\xed\x00\xed\x00\xed\x00\xed\x00\xed\x00\xed\x00\x0d\x01\x0d" 
  "\x09\x0d\x09\x0d\x01\x0d\x01\x0d\x01\x0d\x01\x0d\x09\x0d\x09\x0c\x09\x0c\x09\x0c\x09\x0c\x09\x0c\x09\xca\x08\x87\x08\x21" M27 
  "\x00\x01\x00\x01\x00\x01\x00\x01\x00\x01\x00\x01\x00\x01\x00\x01\x00\x01\x00\x01\x00\x01\x00\x01\x00\x01\x00\x01\x00\x01\x00" 
  "\x01\x00\x01\x00\x01\x00\x01\x00\x01\x00\x01\x00\x01\x00\x01\x00\x01\x00\x01\x00\x01\x00\x01\x00\x01\x00\x01\x00\x01\x00\x01" 
  "\x00\x01\x00\x02\x00\x22\x00\x22\x00\x22\x00\x22\x00\x22\x00\x22\x00\x22\x00\x23\x00\x23\x00\x23\x00\x23\x00\x23\x00\x23\x00" 
  "\x23\x00\x23\x00\x23\x00\x23\x00\x23\x00\x23\x00\x23\x00\x23\x00\x23\x00\x23\x00\x23\x00\x23\x00\x23\x00\x23\x00\x23\x00\x23" "\x00\x24\x00\x23" M22 "\x00\x20\x00\x41\x08\x41\x08\x6b\x52\xce\x7b\x41\x10\x00\x00\x85\x00\x4d\x09\x8f\x09\x8f\x09\x6f\x09\x0b\x09\x44\x00\x63\x00" 
  "\x63\x00\x22\x00\xc9\x08\x6e\x09\x8f\x09\x8f\x09\x4e\x09\x85\x00\x00\x00\x00\x00\xe7\x41\x92\x94\xa4\x18" M19 
  "\x63\x00\x86\x00\x87\x00\x87\x00\x86\x00\x86\x00\x86\x00\x86\x00\x87\x00\x87\x00\x87\x00\x87\x00\x87\x00\x87\x00\x87\x00\x87" 
  "\x00\x87\x00\x87\x00\x87\x00\x87\x00\x87\x00\x87\x00\x87\x00\x87\x00\x88\x00\x88\x00\x88\x00\x88\x00\x88\x00\x87\x00\x87\x00" 
  "\x87\x00\x87\x00\x87\x00\x87\x00\x87\x00\x87\x00\x87\x00\x87\x00\x87\x00\x87\x00\x87\x00\x87\x00\x87\x00\x87\x00\xa7\x00\xa7" 
  "\x00\xa7\x00\xa7\x00\xa7\x00\xa7\x00\xa8\x00\xa8\x00\xa8\x00\xa8\x00\xa8\x00\xa8\x00\xa8\x00\xa8\x00\xa8\x00\xa8\x00\xc8\x00" 
  "\xc8\x00\xc9\x00\xc9\x00\xa7\x00\x21\x00\x00\x00\x01\x00\xa9\x08\x0d\x09\x0d\x09\xec\x00\xec\x00\xec\x00\xec\x00\xec\x00\xec" 
  "\x00\xcc\x00\xcc\x00\xcc\x00\xcc\x00\xcc\x00\xec\x00\xec\x00\xcb\x00\xcb\x00\xcb\x00\xcb\x00\xcb\x00\xca\x00\xca\x00\xca\x00" 
  "\xcb\x00\xcb\x00\xcb\x00\xcb\x00\xca\x00\xca\x00\xaa\x00\xaa\x00\xaa\x00\xaa\x00\xaa\x00\xaa\x00\xaa\x00\xaa\x00\xaa\x00\xaa" 
  "\x00\xaa\x00\xaa\x00\xca\x00\xaa\x00\xaa\x00\xca\x00\xca\x00\xca\x00\xca\x00\xaa\x00\xa9\x00\xa9\x00\xa9\x00\xa9\x00\xa9\x00" 
  "\xc9\x00\xca\x08\xea\x08\xca\x08\xec\x08\xed\x08\x88\x08\x00\x00\x00\x00\x44\x00\xa9\x08\xca\x00\xca\x00\xca\x00\xca\x00\xcb" "\x00\xcb\x00\xcb\x00\xcb\x00\xcb\x00\xcb\x00\xcb\x00\xcb\x00\xcb\x00\xcb\x00\xcb\x00\xcc\x00\xcc\x00\xcc\x00\xcc\x00\xcc\x00" 
  "\xcc\x00\xcb\x08\xeb\x08\xeb\x08\xeb\x08\xeb\x08\xeb\x08\xeb\x08\xec\x08\xec\x08\xec\x08\xec\x08\xec\x08\xec\x08\xec\x08\xec" 
  "\x08\xec\x00\xec\x00\xec\x00\xec\x00\xec\x00\xec\x00\xec\x00\xec\x00\xec\x00\xec\x00\xec\x00\xec\x00\xec\x00\xec\x08\xec\x08" 
  "\xec\x08\xed\x08\xed\x08\xed\x08\xed\x08\xed\x08\x0d\x09\x0d\x09\x0d\x09\x0d\x09\x2e\x09\xec\x08\x01" M24 "\x00\x20\x00\x41\x08\x41\x08\x6b\x52\xce\x7b\x41\x10\x00\x00\x85\x00\x4d\x09\x8f\x09\x8f\x09\x6f\x09\x0b\x09\x44\x00\x63\x00" 
  "\x63\x00\x22\x00\xe9\x08\x6e\x09\x8f\x09\x8f\x09\x4e\x09\x85\x00\x00\x00\x00\x00\xe7\x41\x92\x94\xa4\x18" M19 
  "\xc8\x00\x4e\x01\x4f\x01\x4f\x01\x4f\x01\x2e\x01\x2e\x01\x2f\x01\x2f\x01\x2f\x01\x2f\x01\x2f\x01\x2f\x01\x2f\x01\x2f\x01\x2f" 
  "\x09\x2f\x09\x2f\x09\x2f\x01\x2f\x01\x2f\x01\x2f\x01\x2f\x01\x2f\x01\x2f\x01\x2f\x01\x2f\x01\x2f\x01\x2f\x01\x2f\x01\x2f\x01" 
  "\x2f\x01\x2f\x01\x2f\x01\x2f\x01\x2f\x01\x2f\x01\x0f\x01\x0f\x01\x0f\x01\x0f\x01\x0f\x01\x0f\x01\x2f\x01\x2e\x01\x2e\x01\x2e" 
  "\x01\x2e\x01\x2e\x01\x2e\x01\x2e\x01\x2e\x01\x2e\x01\x2e\x01\x2f\x01\x2f\x01\x2f\x01\x2f\x01\x2f\x01\x2f\x01\x2f\x01\x2f\x01" "\x2f\x01\x2f\x01\x2f\x01\x0d\x09\x44\x00\x00\x00\x45\x00\xec\x08\xec\x00\x67\x00\x22" M22 "\x00\x01\x00\x01\x00\x01\x00\x01\x00\x01\x00\x01\x00\x01" M21 
  "\x00\x01\x00\x22\x00\x22\x00\x22\x00\x22\x00\x22\x00\x02\x00\x02\x00\x02\x00\x01\x00\x01\x00\x02\x00\x02\x00\x02\x00\x02\x00" 
  "\x02\x00\x02\x00\x02\x00\x02\x00\x02\x00\x02\x00\x02\x00\x01\x00\x01\x00\x01\x00\x01\x00\x01\x00\x01\x00\x01\x00\x01\x00\x01" "\x00\x02\x00\x02\x00\x01\x00\x01\x00\x66\x00\xed\x08\xcc\x08\x00\x00\x00\x00\xa7\x00\x2e\x09\x2f\x01\x2f\x01\x2f\x01\x2f\x01" 
  "\x2f\x01\x2f\x01\x2f\x01\x2f\x01\x2f\x01\x2f\x01\x2f\x01\x30\x01\x30\x01\x30\x01\x30\x01\x10\x01\x10\x01\x30\x01\x30\x01\x30" 
  "\x01\x30\x01\x2f\x01\x2f\x01\x2f\x01\x2f\x01\x2f\x01\x2f\x01\x0f\x01\x0f\x01\x0f\x01\x0f\x01\x0f\x01\x2f\x01\x2f\x01\x2f\x01" 
  "\x2f\x01\x30\x01\x30\x01\x30\x01\x30\x01\x30\x01\x30\x01\x30\x01\x30\x01\x30\x01\x30\x01\x30\x01\x30\x01\x30\x01\x30\x01\x30" 
  "\x01\x30\x01\x30\x01\x31\x01\x51\x01\x51\x01\x51\x01\x51\x01\x71\x01\x71\x01\x71\x01\x71\x09\xec\x08\x01" M24 "\x00\x20\x00\x41\x08\x41\x08\x6b\x52\xce\x7b\x41\x10\x00\x00\x85\x00\x4d\x09\x8f\x09\x8f\x09\x6f\x09\x0b\x09\x44\x00\x64\x00" 
  "\x63\x00\x22\x00\xe9\x08\x6e\x09\x8f\x09\x8f\x09\x4e\x09\x85\x00\x00\x00\x00\x00\xe7\x41\x92\x94\xa4\x18" M19 
  "\xa6\x00\x4e\x01\x51\x01\x51\x01\x51\x01\x30\x01\x30\x01\x30\x01\x30\x01\x30\x01\x30\x01\x30\x01\x30\x01\x30\x01\x30\x01\x30" 
  "\x01\x30\x01\x30\x01\x30\x01\x30\x01\x30\x01\x30\x01\x30\x01\x30\x01\x30\x01\x30\x01\x30\x01\x30\x01\x30\x01\x30\x01\x30\x01" 
  "\x30\x01\x30\x01\x30\x01\x30\x01\x30\x01\x30\x01\x30\x01\x30\x01\x30\x01\x30\x01\x30\x01\x30\x01\x2f\x01\x2f\x01\x2f\x01\x2f" 
  "\x01\x2f\x01\x2f\x01\x2f\x01\x2f\x01\x2f\x01\x2f\x01\x2f\x01\x2f\x01\x2f\x01\x2f\x01\x2f\x01\x2f\x01\x30\x01\x30\x01\x30\x01" "\x2f\x01\x2f\x01\x2f\x01\x0d\x09\x65\x00\x00\x00\xa8\x08\x0d\x09\x88\x00\x01" M7 M7 M7 M19 
  "\x00\x22\x00\xaa\x00\xed\x08\x43\x00\x00\x00\xa7\x00\x2d\x09\x2f\x01\x2f\x01\x2f\x01\x2f\x01\x2f\x01\x2f\x01\x2f\x01\x2f\x01" 
  "\x2f\x01\x2f\x01\x2f\x01\x2f\x01\x2f\x01\x2f\x01\x0f\x01\x0f\x01\x0f\x01\x0f\x01\x30\x01\x30\x01\x30\x01\x30\x01\x2f\x01\x2f" 
  "\x01\x2f\x01\x2f\x01\x2f\x01\x2f\x01\x2f\x01\x2f\x01\x2f\x01\x2f\x01\x0f\x01\x0f\x01\x0f\x01\x30\x01\x30\x01\x30\x01\x30\x01" 
  "\x30\x01\x30\x01\x30\x01\x30\x01\x30\x01\x30\x01\x30\x01\x30\x01\x30\x01\x30\x01\x30\x01\x30\x01\x30\x01\x30\x01\x50\x01\x51" "\x01\x51\x01\x51\x01\x51\x01\x51\x01\x71\x01\x71\x09\x0d\x09\x45" M22 "\x00\x20\x00\x41\x08\x41\x08\x6b\x52\xce\x7b\x41\x10\x00\x00\x85\x00\x4d\x09\x8f\x09\x90\x09\x6f\x09\x0b\x09\x44\x00\x64\x00" 
  "\x63\x00\x23\x00\xea\x08\x6e\x09\x8f\x09\x8f\x09\x4e\x09\x85\x00\x00\x00\x00\x00\xe7\x41\x92\x94\xa4\x18" M19 
  "\x21\x00\xe9\x00\x2d\x09\x2e\x09\x2e\x09\x2e\x09\x2e\x09\x2e\x09\x2e\x09\x2e\x09\x2e\x09\x2e\x09\x0e\x09\x0e\x09\x0e\x09\x0e" 
  "\x01\x0e\x01\x0e\x01\x0e\x01\x0e\x01\x0e\x01\x2e\x01\x2e\x01\x2e\x01\x2e\x01\x2e\x01\x2e\x01\x0e\x01\x0e\x01\x0e\x01\x0e\x01" 
  "\x0e\x01\x0e\x01\x0e\x01\x0e\x01\x0e\x01\x0e\x01\x0e\x01\x0e\x01\x0e\x01\x0e\x01\x0e\x01\x0e\x01\x0e\x01\x0e\x01\x0e\x01\x0d" 
  "\x01\x0d\x01\x0d\x01\x0d\x01\x0d\x01\x0d\x01\x0d\x01\x0d\x01\x0d\x01\x0d\x01\x0d\x01\x0d\x01\x0d\x01\x0d\x01\x0d\x01\x0d\x01" "\x0d\x01\x0d\x01\x0d\x01\xca\x00\x23\x00\x00\x00\xc8\x08\x0d\x09\x66" M7 M7 M7 M16 
  "\x00\x87\x00\x0d\x09\x67\x00\x00\x00\x43\x00\xc9\x08\xeb\x08\xec\x00\xec\x00\xec\x00\xec\x00\xec\x00\xeb\x00\xeb\x00\xeb\x00" 
  "\xeb\x00\xeb\x00\xeb\x00\xeb\x00\xeb\x00\xeb\x00\xec\x00\xec\x00\xec\x00\xec\x00\x0c\x09\x0c\x09\x0c\x09\x0c\x09\x0c\x09\x0c" 
  "\x09\xec\x08\xec\x08\xeb\x08\xeb\x08\xeb\x08\xeb\x08\xeb\x08\xeb\x08\xeb\x08\xeb\x08\xeb\x08\xeb\x08\xeb\x08\xeb\x00\xea\x00" 
  "\xea\x00\xca\x00\xea\x00\xeb\x00\xeb\x00\xeb\x00\xeb\x00\xeb\x00\xeb\x00\xeb\x00\xeb\x00\xeb\x00\xeb\x00\xeb\x00\xeb\x00\xeb" "\x08\xec\x08\xec\x08\xec\x00\x0c\x01\xeb\x08\x66" M21 "\x00\x20\x00\x41\x08\x41\x08\x6b\x52\xce\x7b\x41\x10\x00\x00\x85\x00\x4d\x09\x8f\x09\xb0\x09\x6f\x09\x0b\x09\x44\x00\x64\x00" 
  "\x63\x00\x23\x00\xea\x08\x6e\x09\xb0\x09\x8f\x09\x4e\x09\x85\x00\x00\x00\x00\x00\xe7\x41\x92\x94\xa4\x18" M18 
  "\x21\x00\x64\x00\x86\x00\x65\x00\x65\x00\x65\x00\x66\x00\x67\x00\x67\x00\x67\x00\x67\x00\x67\x00\x66\x00\x66\x00\x87\x00\x87" 
  "\x00\x87\x00\x87\x00\x87\x00\x86\x00\x66\x00\x66\x00\x66\x00\x65\x00\x65\x00\x65\x00\x65\x00\x65\x00\x65\x00\x65\x00\x65\x00" 
  "\x45\x00\x45\x00\x45\x00\x45\x00\x65\x00\x65\x00\x65\x00\x65\x00\x65\x00\x64\x00\x64\x00\x64\x00\x64\x00\x64\x00\x64\x00\x64" 
  "\x00\x64\x00\x63\x00\x63\x00\x64\x00\x64\x00\x64\x00\x63\x00\x43\x00\x43\x00\x43\x00\x43\x00\x43\x00\x43\x00\x43\x00\x42\x00" "\x42\x00\x22\x00\x01\x00\x00\x00\x00\x00\xa9\x08\x0d\x09\x45" M19 "\x00\x20\x20\x20\x30\x00\x28\x00\x10" M24 
  "\x00\x08\x00\x28\x00\x38\x20\x38\x00\x18" M24 "\x00\x08\x20\x30\x20\x38\x20\x28\x00\x10" M27 
  "\x00\x20\x20\x30\x20\x30\x20\x30\x00\x30\x00\x30\x00\x38\x00\x38\x00\x38\x20\x38\x20\x38\x21\x30\x00\x28\x00\x18" M18 
  "\x67\x00\x0d\x09\x66\x00\x00\x00\x00\x00\x01\x00\x22\x00\x43\x00\x43\x00\x22\x00\x22\x00\x22\x00\x22\x00\x22\x00\x22\x00\x21" 
  "\x00\x21\x00\x21\x00\x21\x00\x21\x00\x21\x00\x22\x00\x22\x00\x21\x00\x21\x00\x21\x00\x21\x00\x21\x00\x21\x00\x21\x00\x21\x00" 
  "\x21\x00\x21\x00\x01\x00\x01\x00\x01\x00\x01\x00\x01\x00\x21\x00\x21\x00\x21\x00\x21\x00\x21\x00\x21\x00\x21\x00\x21\x00\x21" 
  "\x00\x01\x00\x01\x00\x01\x00\x01\x00\x01\x00\x01\x00\x01\x00\x01\x00\x01\x00\x01\x00\x01\x00\x01\x00\x01\x00\x01\x00\x01\x00" "\x01\x00\x01\x00\x01\x00\x01\x00\x01" M19 "\x00\x20\x00\x41\x08\x41\x08\x6b\x52\xce\x7b\x41\x10\x00\x00\x85\x00\x4d\x09\xaf\x09\xb0\x09\x6f\x09\x0b\x09\x44\x00\x64\x00" 
  "\x63\x00\x23\x00\xea\x08\x6f\x09\xb0\x09\x8f\x09\x4e\x09\x85\x00\x00\x00\x00\x00\xe7\x41\x92\x94\xa4\x18" M7 M7 M7 M7 M13 "\xa9\x08\x0d\x09\x45" M19 "\x08\x41\x48\x41\x68\x21\x60\x20\x38\x00\x08" M25 
  "\x00\x30\x20\x58\x21\x70\x21\x68\x21\x50\x00\x08" M27 
  "\x00\x08\x00\x30\x41\x60\x41\x70\x41\x58\x00\x28\x00\x00\x00\x00\x00\x18\x21\x50\x20\x68\x20\x68\x20\x68\x20\x68\x21\x70\x21" "\x70\x21\x78\x20\x78\x20\x78\x21\x70\x41\x70\x41\x68\x41\x50\x00\x18" M19 "\x67\x00\x0d\x09\x66" M7 M7 M7 M7 M19 "\x00\x20\x00\x41\x08\x41\x08\x6b\x52\xce\x7b\x41\x10\x00\x00\x85\x00\x4d\x09\xaf\x09\xb0\x09\x8f\x09\x0b\x09\x44\x00\x64\x00" 
  "\x64\x00\x23\x00\xea\x08\x8f\x09\xb0\x09\x8f\x09\x4e\x09\x85\x00\x00\x00\x00\x00\xe7\x41\x92\x94\xa4\x18" M7 M21 "\x20" M25 "\x00\x20" M24 "\x00\x21" M25 "\x00\x41\x08\x21" M10 "\x00\x20\x00\x21\x00\x21\x00\x21\x00\x20\x00\x00\x00\x00\x00\x21\x00" M58 M19 "\xa9\x08\x0e\x09\x44" M19 "\x08\x20\x40\x20\x70\x00\x78\x20\x50\x00\x10" M27 
  "\x00\x18\x20\x50\x20\x70\x20\x78\x21\x78\x21\x68\x00\x20" M27 
  "\x00\x20\x20\x50\x20\x70\x20\x78\x20\x50\x00\x18\x00\x00\x00\x08\x20\x40\x20\x68\x20\x78\x20\x68\x20\x58\x20\x50\x20\x50\x00" "\x50\x00\x50\x20\x58\x20\x58\x20\x60\x20\x70\x20\x78\x41\x70\x20\x48\x00\x18" M21 "\x87\x00\x0d\x09\x65" M22 
  "\x00\x21\x00\x41\x08\x41\x08\x41\x08\x61\x08\x41\x08\x41\x08\x00\x00\x00\x00\x20\x00\x61\x08\x61\x08\x61\x08\x61\x08\x61\x08" 
  "\x61\x08\x00\x00\x00\x00\x21\x00\x62\x08\xa2\x10\xa3\x10\xe4\x18\xa2\x10\x41\x08\x00\x00\x00\x00\x41\x08\x41\x08\x00\x00\x00" 
  "\x00\x41\x08\xc3\x18\x04\x21\x04\x21\x04\x21\xe4\x18\x41\x08\x00\x00\x41\x08\xc3\x18\xa3\x18\x82\x10\xc3\x18\x82\x10\x62\x08" "\x61\x08" M7 M27 
  "\x20\x00\x41\x08\x41\x08\x6b\x52\xce\x7b\x41\x10\x00\x00\x85\x00\x4d\x09\xaf\x09\xb0\x09\x8f\x09\x0b\x09\x44\x00\x64\x00\x64" "\x00\x23\x00\xea\x08\x8f\x09\xb0\x09\x8f\x09\x4e\x09\x85\x00\x00\x00\x00\x00\xe7\x41\x92\x94\xa4\x18" M7 M22 
  "\x04\x21\x8a\x52\x24\x21\x00\x00\x00\x00\x24\x21\xaa\x52\x8a\x4a\x04\x19\x00\x00\x00\x00\x86\x31\x0c\x63\xe4\x18\x00\x00\x41" 
  "\x08\x29\x42\x6e\x6b\x2d\x63\x04\x21\x00\x00\xa3\x10\xcb\x5a\xec\x5a\xec\x5a\xec\x5a\xec\x5a\xec\x5a\xcc\x5a\x04\x21\x41\x08" 
  "\x29\x42\xec\x5a\x0c\x63\x0c\x63\x0d\x63\x2d\x63\x8a\x4a\x20\x00\x04\x21\x0c\x5b\x4d\x6b\x4d\x6b\x6d\x6b\x4d\x6b\x2d\x63\x29" "\x42\x41\x08" M22 "\xa9\x08\x0d\x09\x44" M18 
  "\x28\x20\x68\x00\x78\x20\x60\x00\x28\x00\x00\x00\x00\x00\x08\x00\x38\x20\x60\x20\x70\x00\x68\x20\x70\x41\x70\x20\x38" M27 
  "\x00\x38\x20\x68\x20\x78\x20\x68\x00\x30\x00\x00\x00\x00\x00\x18\x41\x58\x20\x78\x21\x70\x01\x48\x00\x20\x00\x08\x00\x08\x00" "\x08\x00\x08\x00\x08\x00\x10\x00\x30\x20\x60\x00\x78\x20\x78\x21\x58\x00\x18" M21 "\x87\x00\x0d\x09\x45" M24 
  "\x00\x41\x08\xab\x52\xaf\x73\xaf\x73\xd0\x7b\xcf\x7b\xcf\x7b\x0d\x63\xc3\x18\x00\x00\x86\x31\xaf\x7b\xd0\x7b\xf0\x7b\xf0\x7b" 
  "\xf0\x7b\xd0\x7b\x04\x21\x00\x00\x8a\x52\x30\x84\x72\x8c\x92\x94\x92\x94\x92\x94\x2d\x63\xe3\x18\x41\x08\xeb\x5a\x2d\x63\x41" 
  "\x08\x62\x08\x2d\x63\x51\x8c\x71\x8c\x72\x94\x92\x94\x51\x8c\xeb\x5a\x82\x10\xe8\x41\x11\x84\xf1\x83\xf1\x83\x11\x84\x11\x84" "\x31\x8c\x10\x84\x82\x10" M7 
  "\x00\x00\x00\x00\x20\x00\x41\x08\x41\x08\x6b\x52\xce\x7b\x41\x10\x00\x00\x85\x00\x4d\x09\xaf\x09\xb0\x09\x8f\x09\x0b\x09\x44" 
  "\x00\x64\x00\x64\x00\x23\x00\xea\x08\x8f\x09\xb0\x09\x8f\x09\x4e\x09\x85\x00\x00\x00\x00\x00\xe7\x41\x92\x94\xa4\x18" M7 M22 
  "\x65\x29\xd3\x94\x8e\x73\x00\x00\x20\x00\x0c\x63\xd3\x94\xb3\x94\xab\x52\x00\x00\x41\x08\xf0\x7b\xb3\x94\x66\x29\x00\x00\xa7" 
  "\x31\x92\x94\xb3\x94\xf4\x9c\xaf\x73\x41\x08\x24\x21\x31\x84\x31\x84\x93\x94\xf4\x9c\xb3\x94\x72\x8c\x51\x8c\x08\x42\x24\x21" 
  "\x51\x8c\xb3\x94\x51\x8c\x51\x8c\x31\x84\x30\x84\x4d\x6b\x41\x08\x28\x42\xd3\x9c\x92\x94\xef\x7b\xf0\x83\xf0\x7b\x92\x94\x92" "\x94\xe4\x20" M22 "\xa9\x08\xed\x08\x24" M18 
  "\x10\x20\x58\x00\x78\x20\x68\x20\x40\x00\x08\x00\x00\x00\x18\x20\x50\x40\x68\x20\x60\x00\x40\x20\x58\x40\x70\x20\x50\x00\x10" 
  "\x00\x00\x00\x10\x20\x50\x20\x70\x20\x70\x20\x48\x00\x08\x00\x00\x00\x08\x20\x38\x21\x68\x00\x78\x21\x60\x00\x30" M21 "\x00\x28\x21\x60\x20\x78\x20\x70\x20\x50\x00\x18" M21 "\x87\x00\x0d\x09\x45" M24 
  "\x00\x82\x10\x10\x84\x71\x94\x6d\x6b\x6e\x73\x4d\x6b\x30\x8c\xd3\xa4\x28\x4a\x00\x00\x49\x4a\xf3\xa4\x31\x8c\xaf\x73\x8e\x73" 
  "\x6e\x73\x6e\x6b\xc3\x18\x82\x10\x51\x8c\x51\x8c\x6a\x4a\x49\x4a\x69\x4a\xaf\x73\x92\x94\x49\x4a\x61\x08\xcf\x7b\x10\x84\x61" 
  "\x08\x25\x21\xb2\x94\x10\x84\xaa\x52\x69\x4a\x8a\x52\xce\x73\x71\x8c\x86\x31\x45\x29\x0c\x63\xec\x62\x31\x8c\xb3\x9c\xaf\x7b" "\x0c\x63\xeb\x5a\x41\x08" M7 
  "\x00\x00\x00\x00\x20\x00\x41\x08\x41\x08\x6b\x52\xce\x7b\x41\x10\x00\x00\x85\x00\x4d\x09\xaf\x09\xb0\x09\x8f\x09\x0b\x09\x44" 
  "\x00\x64\x00\x64\x00\x23\x00\xea\x08\x8f\x09\xb0\x09\xb0\x09\x4e\x09\x85\x00\x00\x00\x00\x00\xe7\x41\x92\x94\xa4\x18" M7 M22 
  "\xa2\x10\x71\x8c\x92\x94\x61\x08\x61\x08\x30\x84\x71\x8c\xb2\x94\xcf\x7b\x41\x08\x24\x21\xb3\x94\xcf\x7b\x82\x10\x41\x08\xf0" 
  "\x7b\xd3\x9c\x6a\x4a\xf0\x7b\xf4\x9c\xa7\x31\x00\x00\x41\x08\x61\x08\xcb\x5a\xd3\x9c\x8a\x52\x61\x08\x20\x00\x00\x00\x24\x21" 
  "\x71\x8c\x71\x8c\x49\x4a\x08\x42\x08\x42\x08\x42\xa2\x10\x00\x00\x28\x42\xb2\x94\xca\x52\x82\x10\x82\x10\x82\x10\x4d\x6b\xf3" "\xa4\xa6\x39" M22 "\xa9\x08\xed\x08\x24" M18 
  "\x08\x00\x40\x20\x70\x20\x70\x20\x58\x00\x20\x00\x00\x00\x38\x40\x68\x40\x68\x00\x40\x00\x18\x00\x40\x21\x70\x40\x68\x00\x30" 
  "\x00\x10\x20\x38\x20\x70\x20\x78\x20\x60\x00\x20\x00\x00\x00\x00\x00\x20\x41\x58\x20\x78\x20\x78\x20\x60\x00\x40\x00\x28\x00" "\x20\x00\x20\x00\x28\x00\x30\x00\x30\x00\x38\x21\x58\x21\x78\x20\x78\x20\x60\x00\x30" M19 "\x87\x00\x0d\x09\x44" M24 
  "\x00\xa2\x10\xef\x7b\x6d\x63\xa2\x10\x00\x00\x20\x00\x8a\x4a\xb2\x94\xaa\x52\x00\x00\xaa\x52\xd3\x9c\xaf\x73\xec\x62\xec\x62" 
  "\xec\x62\xab\x5a\x21\x00\x82\x10\x51\x8c\x51\x8c\x49\x4a\x29\x4a\x08\x42\xe8\x41\x86\x31\x21\x00\x61\x08\xef\x7b\xef\x7b\x41" 
  "\x08\x86\x31\xf3\x9c\x10\x84\x89\x4a\x69\x4a\x89\x4a\x69\x4a\xa6\x31\x41\x08" M27 "\xca\x5a\x92\x94\xc7\x39" M7 M24 
  "\x20\x00\x41\x08\x41\x08\x6b\x52\xce\x7b\x41\x10\x00\x00\x85\x00\x4d\x09\xaf\x09\xb0\x09\x8f\x09\x0b\x09\x44\x00\x64\x00\x64" "\x00\x23\x00\xea\x08\x8f\x09\xb0\x09\xb0\x09\x4e\x09\x85\x00\x00\x00\x00\x00\xe7\x41\x92\x94\xa4\x18" M7 M22 
  "\x20\x00\x4d\x6b\xd3\x9c\x86\x31\x65\x29\xd3\x9c\x2c\x63\xef\x7b\x72\x8c\xe3\x18\xab\x52\xd3\x9c\x49\x4a\x20\x00\x49\x42\x92" "\x94\xaf\x73\xc3\x18\x6a\x4a\xf4\x9c\x8e\x73\x82\x10\x00\x00\x00\x00\xaa\x52\xf3\x9c\x08\x42" M27 
  "\x44\x29\x91\x94\xb2\x94\xb2\x94\xb2\x94\xb2\x94\xb2\x94\xeb\x5a\x00\x00\x28\x42\xb3\x94\x8e\x73\x28\x42\x28\x42\x6a\x52\x10" "\x84\xd3\x9c\x04\x21" M22 "\xa9\x08\xed\x08\x24" M16 
  "\x28\x20\x60\x20\x70\x20\x68\x00\x28\x00\x08\x20\x58\x40\x70\x20\x60\x00\x20\x00\x08\x00\x38\x21\x70\x20\x70\x20\x40\x00\x30" 
  "\x41\x58\x20\x78\x20\x78\x00\x50\x00\x18\x00\x00\x00\x08\x21\x40\x21\x70\x01\x78\x20\x70\x20\x70\x20\x68\x40\x60\x40\x60\x40" "\x60\x20\x68\x21\x70\x21\x70\x21\x70\x21\x70\x21\x68\x00\x50\x00\x38\x00\x10" M19 "\xa8\x00\x0d\x09\x44" M24 
  "\x00\xc3\x18\xef\x7b\x71\x8c\x0c\x63\xaa\x52\xcb\x5a\xef\x7b\xb2\x94\xa6\x31\x00\x00\xeb\x5a\xd3\x9c\xb2\x94\x92\x94\x71\x8c" 
  "\x71\x8c\x30\x84\x41\x08\x00\x00\xca\x52\x51\x8c\x91\x8c\x92\x94\x92\x94\xb2\x94\x30\x84\xa6\x31\x61\x08\xef\x7b\xcf\x7b\x41" 
  "\x08\x82\x10\x2c\x63\x50\x84\x30\x84\x51\x8c\x10\x84\x91\x8c\x8e\x73\xc3\x18" M27 "\xca\x52\x92\x94\xa6\x31" M7 M24 
  "\x20\x00\x41\x08\x41\x08\x6b\x52\xce\x7b\x41\x10\x00\x00\x84\x00\x4d\x09\x8f\x09\xb0\x09\x8f\x09\x0b\x09\x44\x00\x43\x00\x64" "\x00\x23\x00\xea\x08\x8f\x09\xb0\x09\xb0\x09\x4e\x09\x85\x00\x00\x00\x00\x00\xe7\x41\x92\x94\xa4\x18" M7 M21 
  "\xa6\x31\xb2\x94\x0c\x63\xca\x52\x92\x94\x65\x29\xeb\x5a\xb2\x94\xab\x52\x51\x8c\x10\x84\xe3\x18\xe3\x18\x10\x84\xd3\x9c\x72" "\x8c\xcf\x73\x30\x84\xd3\x9c\xd3\x9c\x08\x42\x00\x00\x00\x00\xab\x52\xd3\x9c\xe7\x39" M27 
  "\x44\x29\x91\x8c\x30\x84\x08\x42\xa6\x31\xa6\x31\x65\x29\x82\x10\x00\x00\x69\x4a\xd3\x9c\xb2\x94\x71\x8c\x92\x94\x71\x8c\xd3" "\x9c\x71\x8c\xa2\x10" M22 "\xa9\x08\xec\x08\x25" M16 
  "\x10\x20\x48\x20\x70\x20\x70\x20\x48\x00\x38\x20\x68\x21\x68\x00\x40\x00\x08\x00\x00\x00\x18\x21\x58\x20\x70\x20\x58\x20\x50" 
  "\x20\x68\x21\x78\x21\x68\x00\x28\x00\x08\x00\x00\x00\x20\x41\x60\x21\x78\x21\x78\x21\x60\x20\x58\x20\x58\x20\x60\x20\x60\x40" "\x60\x21\x68\x21\x70\x00\x78\x21\x78\x01\x60\x00\x38\x00\x18" M18 "\x21\x00\xca\x08\x0c\x09\x22" M24 
  "\x00\x04\x21\x30\x84\x92\x94\x0f\x7c\xef\x7b\xef\x7b\x71\x8c\xd2\x94\xa6\x31\x00\x00\xeb\x5a\xd3\x9c\x0c\x63\xa6\x31\xa6\x31" 
  "\xa6\x31\x65\x29\x00\x00\x20\x00\x69\x4a\x8a\x52\x86\x31\xa6\x31\xa6\x31\x0c\x63\xd3\x9c\xcb\x5a\x61\x08\xef\x7b\xef\x7b\x41" 
  "\x08\x41\x08\x89\x4a\x69\x4a\x65\x29\x04\x21\x24\x21\x8e\x73\xd3\x9c\xc7\x39" M27 "\xca\x52\x92\x94\xa6\x31" M7 M24 
  "\x20\x00\x41\x08\x41\x08\x6b\x52\xce\x7b\x41\x10\x00\x00\x64\x00\x2c\x09\x8f\x09\x8f\x09\x6f\x09\x0b\x09\x23\x00\x01\x00\x64" "\x00\x23\x00\xea\x08\x8f\x09\xb0\x09\xaf\x09\x4e\x09\x85\x00\x00\x00\x00\x00\xe7\x41\x92\x94\xa4\x18" M7 M21 
  "\x82\x10\xef\x7b\x71\x8c\x91\x8c\xcf\x7b\x82\x10\xc7\x39\xb2\x94\x92\x94\xd3\x9c\x0c\x63\x20\x00\x28\x42\xd3\x9c\x51\x8c\x10" "\x84\xef\x7b\xef\x7b\x30\x84\x14\x9d\x8e\x73\x20\x00\x00\x00\xaa\x52\xf3\x9c\xe7\x39" M27 
  "\x45\x29\x71\x8c\x71\x8c\x0b\x5b\xcb\x5a\xeb\x5a\xeb\x5a\x28\x42\x20\x00\xaa\x52\xf3\x9c\x2c\x63\xa6\x31\xa6\x31\xa6\x31\xef" "\x7b\xf3\x9c\xe3\x18" M22 "\xa8\x08\x0c\x09\x67" M16 
  "\x08\x20\x38\x20\x68\x20\x70\x20\x68\x20\x60\x21\x70\x20\x58\x00\x28\x00\x00\x00\x00\x00\x08\x20\x48\x20\x78\x20\x70\x00\x70" 
  "\x20\x78\x21\x68\x20\x48\x00\x10\x00\x00\x00\x10\x20\x40\x21\x70\x21\x80\x21\x60\x00\x30\x00\x20\x00\x28\x00\x28\x00\x28\x00" "\x28\x00\x38\x21\x50\x21\x70\x20\x78\x20\x58\x00\x28" M16 "\x44\x00\x0b\x09\xeb\x08" M22 
  "\xe3\x18\x10\x84\x8d\x6b\x65\x29\x04\x21\x04\x21\x69\x4a\xb2\x94\x69\x4a\x00\x00\xeb\x5a\xd3\x9c\x30\x84\xae\x73\xae\x73\xae" 
  "\x73\xef\x7b\xc3\x18\x82\x10\x30\x84\x71\x8c\x4d\x6b\x2c\x63\xeb\x5a\xef\x7b\xb2\x94\x69\x4a\x61\x08\xef\x7b\x0f\x7c\x41\x08" 
  "\xc3\x18\x71\x8c\x51\x8c\x6d\x6b\xeb\x5a\x0b\x5b\x51\x8c\x91\x8c\xa6\x31" M27 "\xaa\x52\x71\x8c\x86\x31" M7 M24 
  "\x20\x00\x41\x08\x41\x08\x6b\x52\xce\x7b\x41\x10\x00\x00\x63\x00\x2c\x09\x8f\x09\x8f\x09\x6f\x09\xeb\x08\x23\x00\x00\x00\x64" "\x00\x43\x00\xea\x08\x6e\x09\x90\x09\xb0\x09\x8e\x09\xa6\x00\x00\x00\x00\x00\xe7\x41\x92\x94\xa4\x18" M7 M19 
  "\xaa\x52\xd3\x9c\xb2\x94\x69\x4a\x20\x00\xc3\x18\xcf\x7b\xd3\x9c\x71\x8c\xa6\x31\x41\x08\x8d\x6b\x30\x84\x45\x29\x82\x10\x61" "\x08\x61\x08\xc3\x18\x8e\x73\x51\x8c\xe3\x18\x00\x00\x28\x42\x10\x84\x45\x29" M27 "\xe3\x18\xce\x73\x71\x8c\x71\x8c\x71\x8c\x71\x8c\x71\x8c\x4d\x6b\x40\x00\x49\x4a\x71\x8c\xc7\x39" M27 
  "\xe7\x39\x30\x84\xe3\x18" M22 "\x65\x00\x0c\x09\xca\x00\x03" M16 "\x28\x20\x60\x20\x70\x00\x78\x01\x80\x21\x68\x00\x38\x00\x08" M27 "\x20\x30\x20\x70\x20\x80\x00\x80\x21\x78\x21\x58\x00\x20\x00\x00\x00\x00\x20\x30\x40\x60\x41\x80\x61\x78\x20\x30" M21 "\x01\x20\x21\x60\x20\x78\x21\x68\x20\x40\x00\x10" M18 "\x66\x00\x0c\x09\xc9\x08" M22 
  "\x82\x10\xaa\x52\xe7\x39" M27 
  "\xe3\x18\xaa\x52\x24\x21\x00\x00\xa6\x31\x2c\x63\x6d\x6b\x6d\x6b\x4d\x6b\x4d\x6b\x6d\x6b\xa2\x10\x00\x00\x07\x3a\x8e\x73\x10" 
  "\x84\x30\x84\x0f\x7c\x0f\x7c\xaa\x52\xa2\x10\x20\x00\x8a\x52\xca\x52\x20\x00\x00\x00\x28\x42\xce\x73\xef\x7b\xcf\x7b\xcf\x7b" "\xae\x73\xc7\x39\x20" M27 "\x00\x45\x29\x69\x4a\x82\x10" M7 M24 
  "\x20\x00\x41\x08\x41\x08\x6b\x52\xce\x7b\x41\x10\x00\x00\x63\x00\x2c\x09\x90\x09\x90\x09\x6f\x09\xeb\x08\x23\x00\x00\x00\x64" "\x00\x42\x00\xc8\x08\x4e\x09\x90\x09\xb0\x09\xaf\x11\xe9\x08\x42\x00\x21\x08\xc6\x39\x92\x94\xa4\x18" M7 M19 
  "\x61\x08\x24\x21\x04\x21\x61\x08\x00\x00\x00\x00\xc2\x10\x04\x21\xe3\x18\x20\x00\x00\x00\xc3\x18\xa2\x10" M24 "\x82\x10\xc3\x18\x20\x00\x00\x00\x41\x08\xc2\x10\x20" M25 "\x00\xc2\x10\xe3\x18\xc3\x18\xc3\x18\xa2\x10\xa2\x10\x82\x10\x00\x00\x20\x00\xa2\x10\x20" M25 "\x00\xa2\x10\x20" M22 "\x00\x01\x00\xe9\x08\x0c\x09\x67\x00\x01" M18 "\x10\x20\x48\x21\x68\x21\x70\x21\x70\x21\x50\x00\x18" M25 "\x00\x10\x40\x58\x20\x70\x20\x70\x21\x68\x20\x38\x00\x08\x00\x00\x00\x00\x21\x40\x61\x60\x41\x70\x61\x50\x00\x10" M19 "\x40\x48\x40\x68\x40\x68\x41\x50\x00\x28" M21 "\x01\x00\x65\x00\xeb\x08\xea\x08\x44" M7 "\x00\x00\x00\x20\x00\x61\x08\x61\x08\x61\x08\x61\x08\x20" M27 "\x00\x20\x00\x41\x08\x41\x08\x20" M18 
  "\x00\x20\x00\x41\x08\x41\x08\x40\x00\x20" M7 M12 "\x00\x20\x00\x41\x08\x41\x08\x8c\x52\x8e\x73\x61\x08\x21\x00\x85\x00\x6d\x11\xb0\x09\x90\x09\x6f\x09\xeb\x08\x43\x00\x00\x00" 
  "\x64\x00\x42\x00\xc7\x00\x2d\x09\x6f\x09\x90\x09\xb0\x09\x4b\x09\x43\x00\x41\x08\x44\x29\x92\x8c\xe4\x20" M7 M7 M7 M7 M12 "\x43\x00\xeb\x08\xeb\x08\x67\x00\x03" M18 "\x20\x20\x38\x20\x38\x20\x38\x00\x20" M22 "\x20\x20\x20\x38\x20\x38\x00\x30\x00\x10\x00\x00\x00\x00\x00\x08\x21\x30\x41\x40\x40\x38\x20\x10" M18 "\x20\x18\x20\x28\x20\x38\x20\x30\x00\x10" M22 "\x01\x00\x66\x00\xea\x08\xeb\x08\x65" M7 M7 M7 M7 M16 "\x00\x20\x00\x41\x08\x41\x08\x0c\x63\xea\x5a\x61\x08\x42\x00\xc7\x00\xaf\x11\xb0\x09\x90\x09\x4e\x09\xe9\x08\x43\x00\x00\x00" 
  "\x64\x00\x42\x00\xa6\x00\x2c\x09\x6f\x09\x90\x09\xb0\x09\x6c\x11\x64\x00\x41\x08\xc2\x18\x91\x94\x04\x21" M7 M7 M7 M7 M10 "\x66\x00\x0b\x09\xeb\x08\x67\x00\x02" M18 "\x08\x00\x08\x00\x08" M19 "\x00\x08\x00\x08" M24 "\x00\x08\x00\x08" M7 M24 "\x01\x00\x45\x00\xca\x08\x0c\x09\x87\x00\x01" M7 M7 M7 M7 M16 "\x00\x20\x00\x41\x08\x41\x08\x4d\x63\x48\x4a\x41\x10\x42\x00\xe9\x08\xaf\x11\xb1\x09\x90\x09\x4d\x09\xc8\x00\x42\x00\x00\x00" 
  "\x63\x00\x22\x00\x85\x00\x0b\x09\x6f\x09\x91\x09\xb1\x09\x8e\x11\x85\x00\x41\x08\xa2\x10\xb1\x94\x08\x42" M7 M7 M7 M7 M9 
  "\x65\x00\x0c\x09\xeb\x08\x67\x00\x02" M7 M7 M9 
  "\x00\x02\x00\x66\x00\xeb\x08\x0b\x09\x87\x00\x01" M7 M7 M7 M7 M15 "\x00\x20\x00\x41\x08\xc3\x18\x30\x84\x07\x42\x41\x08\x43\x00\x2a\x09\xb0\x11\xb1\x09\x90\x09\x4d\x09\xc7\x00\x21\x00\x00\x00" 
  "\x00\x00\x01\x00\x84\x00\x0a\x09\x6f\x09\x91\x09\xb1\x09\x8e\x11\xa6\x00\x42\x08\x82\x10\xef\x7b\x8e\x73\x41\x08" M7 M7 M7 M7 M10 
  "\x01\x00\x67\x00\xeb\x08\xeb\x08\x87\x00\x23\x00\x01" M16 
  "\x00\x01\x00\x01\x00\x01\x00\x01\x00\x01\x00\x01\x00\x01\x00\x01\x00\x01\x00\x01\x00\x01\x00\x01\x00\x01\x00\x01\x00\x01\x00" 
  "\x01\x00\x01\x00\x01\x00\x01\x00\x01\x00\x01\x00\x01\x00\x01\x00\x01\x00\x01\x00\x01" M22 
  "\x00\x01\x00\x02\x00\x23\x00\x68\x00\xeb\x08\xec\x08\x87\x00\x01" M7 M7 M18 
  "\x00\x82\x10\x20\x00\x41\x08" M7 M7 
  "\x20\x00\x41\x08\xc8\x39\xf3\x9c\x86\x31\x42\x08\x64\x00\x4b\x09\xb0\x09\xb1\x09\x90\x09\x4c\x09\xc7\x00\x20\x00\x00\x00\x00" "\x00\x01\x00\x64\x00\xe9\x08\x6e\x09\x91\x09\xb1\x09\xaf\x11\xe8\x08\x43\x08\x62\x08\xe8\x39\x92\x8c\xa7\x31\x20" M7 M7 M7 M7 M9 
  "\x00\x65\x00\x0b\x09\x0c\x09\xeb\x08\xcb\x08\x89\x08\x88\x00\x88\x00\x88\x00\x89\x00\x89\x00\x89\x00\x89\x00\x88\x00\x88\x00" 
  "\x89\x00\x89\x00\xa9\x00\xa9\x00\xa9\x00\xa9\x00\xa9\x00\xa9\x00\xa9\x00\xa9\x00\xa9\x00\xa9\x00\xa9\x00\xa9\x00\xaa\x00\xaa" 
  "\x00\xaa\x00\xaa\x00\xaa\x00\xaa\x00\xaa\x00\xaa\x00\xaa\x00\xaa\x00\xaa\x00\xaa\x00\xca\x00\xc9\x00\xc9\x00\xc9\x00\xa9\x00" 
  "\xa9\x00\xa9\x00\xaa\x00\xcc\x00\x0d\x09\xec\x08\x67\x00\x01" M7 M7 M18 
  "\x00\x82\x10\x08\x42\xe3\x18\x65\x29" M7 M7 "\x21\x00\xa3\x10\xcf\x73\xaf\x73\xa3\x10\x62\x08\x85\x00\x8d\x11\xb1\x09\xb1\x09\x90\x09\x2b\x09\xa5" M27 "\x00\x01\x00\x44\x00\xc7\x00\x6d\x09\xb0\x09\xb1\x09\xb1\x09\x2a\x09\x64\x08\x42\x08\xa3\x10\xaf\x73\xf0\x7b\xc3\x18" M7 M7 M7 M7 M7 
  "\x85\x00\xeb\x08\x0d\x09\x0e\x09\x0f\x09\x0f\x09\x0e\x09\x2e\x09\x2e\x09\x2e\x09\x2e\x09\x2e\x09\x2e\x01\x2e\x01\x2e\x01\x2e" 
  "\x01\x2e\x01\x2e\x01\x2e\x01\x0e\x01\x0e\x01\x0e\x01\x2e\x01\x2e\x01\x2e\x01\x2e\x09\x2e\x09\x0e\x09\x0e\x09\x0e\x09\x0e\x09" 
  "\x0f\x09\x2f\x09\x2f\x09\x0e\x09\x0e\x09\x0f\x09\x2f\x09\x2f\x09\x2e\x09\x2e\x09\x2e\x09\x2e\x09\x2e\x09\x0e\x09\x0e\x09\x0e" 
  "\x01\x0d\x01\x0d\x01\xcb\x00\x45" M7 M7 M15 
  "\x00\x41\x08\xcb\x5a\x49\x4a\x04\x21" M7 M9 
  "\x20\x00\x62\x08\x8a\x4a\x92\x8c\xc7\x31\x42\x08\x43\x08\xc6\x08\x8f\x11\xd1\x09\xb1\x09\x8f\x09\x0a\x09\x64" M25 
  "\x00\x21\x00\xa6\x00\x4c\x09\x8f\x09\xb1\x09\xd1\x09\x8e\x11\xa7\x08\x63\x08\x42\x08\x66\x29\x31\x84\xcf\x73\xc3\x18\x20" M7 M7 M7 M7 M9 
  "\x00\x01\x00\x23\x00\x45\x00\x67\x00\x66\x00\x66\x00\x66\x00\x86\x00\x86\x00\x86\x00\x86\x00\x86\x00\x86\x00\x86\x00\x86\x00" 
  "\x66\x00\x66\x00\x66\x00\x65\x00\x65\x00\x65\x00\x65\x00\x65\x00\x44\x00\x44\x00\x44\x00\x44\x00\x44\x00\x44\x00\x44\x00\x44" 
  "\x00\x44\x00\x44\x00\x44\x00\x44\x00\x44\x00\x44\x00\x44\x00\x43\x00\x43\x00\x43\x00\x43\x00\x43\x00\x43\x00\x43\x00\x43\x00" 
  "\x23\x00\x22\x00\x21" M7 M7 M12 
  "\x00\xe3\x18\xe3\x18" M7 
  M9 
  "\x21\x00\x62\x08\x8b\x52\x93\x94\xab\x52\x62\x08\x43\x08\x64\x08\x2b\x09\xd0\x09\xd1\x09\xb0\x09\x6e\x09\xe8\x08\x42" M24 
  "\x00\x84\x00\x09\x09\x6d\x09\x90\x09\xd1\x09\xd0\x11\x4b\x11\x85\x08\x63\x08\x62\x08\xa6\x31\x72\x8c\xf0\x7b\xa7\x31\x61\x08" "\x41\x08\x20" M7 M7 M7 M7 M7 M7 M7 M7 M7 M7 M7 M7 M19 
  "\x00\x20\x00\x41\x08\x61\x08\x04\x21\xed\x5a\xb3\x94\x0c\x5b\xa3\x10\x42\x08\x64\x08\xe8\x08\xae\x11\xd1\x09\xb0\x09\x8f\x09" "\x2b\x09\xa6\x00\x21" M24 
  "\x00\x21\x00\xa6\x08\x2b\x09\x8f\x09\xb0\x01\xd1\x09\xcf\x11\x2a\x09\x84\x00\x62\x08\x61\x08\x65\x29\x10\x84\x92\x94\x4d\x6b" "\x29\x42\x24\x21\xc3\x18\x83\x10\x82\x10\x62\x08\x62\x08\x62\x08" M28 M28 M28 M28 M28 M28 M28 M28 M28 M28 M28 M32 
  "\x61\x08\x62\x08\x62\x08\x82\x08\x82\x10\xa3\x10\xe4\x18\xa7\x31\xab\x52\x10\x84\xb3\x94\x69\x4a\x82\x10\x62\x08\x63\x00\xc7" "\x08\x8d\x11\xd0\x09\xb0\x09\x90\x09\x4d\x09\xe9\x08\x63" M21 
  "\x00\x63\x00\xe8\x08\x6e\x09\x90\x09\xd1\x09\xd1\x09\xaf\x11\x08\x09\x84\x00\x62\x08\x41\x00\xe3\x18\x8a\x4a\x10\x84\xf3\x9c" "\xb2\x94\x51\x84\xcf\x7b\x6d\x6b\x4d\x6b\x2d\x6b\x0d\x63\xcc\x5a\x49\x4a\xe9\x41\xa7\x39" M49 M49 M49 M49 M49 M49 M49 M49 M49 M49 M49 
  "\xa6\x31\xa6\x31\xa6\x31\xa6\x31\xa7\x31\xc8\x39\x09\x42\x8b\x52\xec\x62\x0d\x63\x2d\x6b\x6d\x6b\xae\x73\x30\x84\x71\x8c\xf3" 
  "\x9c\x92\x94\x4d\x63\x65\x29\x61\x08\x61\x00\x83\x08\xc6\x00\x6c\x11\xd0\x09\xd1\x09\xb0\x01\x6f\x09\x2b\x09\xa6\x08\x21" M21 
  "\x00\x21\x00\xa5\x08\x2b\x09\x6f\x09\xb0\x09\xd1\x09\xd1\x09\xaf\x11\x2a\x09\xc6\x00\x83\x00\x62\x00\x82\x08\x83\x10\x25\x21" "\x08\x42\xcb\x5a\x2c\x63\x2c\x63\x6d\x6b\x8e\x73\xae\x73\xcf\x7b\x30\x84\x51\x8c\x51\x8c" M47 M47 M47 M47 M47 M47 M47 M47 M47 M47 M47 
  "\x71\x8c\x71\x8c\x71\x8c\x71\x8c\x71\x8c\x51\x8c\x30\x8c\xef\x7b\xae\x73\xae\x73\x8e\x73\x2c\x6b\x2c\x63\xeb\x5a\x6a\x4a\x86" 
  "\x31\xc3\x18\x82\x08\x62\x00\x62\x00\xa4\x00\xe8\x08\x8d\x11\xd1\x11\xd1\x09\xd1\x09\x90\x09\x6d\x09\xe8\x08\x63" M18 
  "\x00\x42\x00\xc8\x08\x4d\x09\xb0\x09\xd1\x09\xd3\x09\xf3\x11\xd1\x11\x6c\x09\xe8\x00\xa5\x00\x63\x00\x63\x08\x63\x08\x42\x08" "\x42\x08\x62\x10\x62\x10\x62\x10\x62\x10\x82\x10\x83\x18\xa3\x18\xc3\x18\x04\x21" M45 M45 M45 M45 M45 M45 M45 M45 M45 M45 M45 
  "\xa2\x10\xa2\x10\xa2\x10\xa2\x10\xe3\x18\xe4\x20\xc3\x18\xa2\x18\x82\x10\x62\x10\x62\x10\x62\x10\x62\x10\x62\x08\x42\x08\x42" 
  "\x08\x63\x08\x63\x00\x84\x00\xc6\x00\x2a\x09\xaf\x11\xf2\x11\xf3\x09\xd2\x09\xd0\x09\x8e\x09\x0a\x09\x85\x00\x41" M16 
  "\x00\x63\x00\xe8\x08\x6d\x09\xd0\x09\xf2\x09\xf3\x09\xf3\x11\xf2\x11\xd0\x11\x8c\x09\xe8\x08\xa6\x00\x64\x00\x63\x00\x63\x08" "\x62\x08\x62\x08\x42\x10\x42\x10\x42\x10\x42\x10\x42\x10\x42\x10\x42\x08" M28 M28 M28 M28 M28 M28 M28 M28 M28 M28 M28 M58 
  "\x42\x10\x42\x10\x42\x10\x42\x10\x42\x10\x42\x10\x42\x08\x62\x08\x62\x08\x63\x08\x64\x00\x85\x00\xc7\x00\x4a\x09\xae\x11\xf1" "\x11\xf3\x11\xf3\x09\xf3\x09\xd1\x09\xaf\x09\x0a\x09\xa5\x00\x42\x00\x20" M16 
  "\x00\x20\x00\x63\x00\xc8\x00\x4c\x09\xb0\x09\xd2\x09\xf3\x09\x14\x0a\x34\x12\x54\x1a\x32\x1a\xcf\x11\x8d\x11\x2b\x09\xe9\x00" 
  "\xc7\x00\xa6\x00\x84\x00\x64\x00\x64\x00\x64\x08\x63\x08\x63\x08\x42\x08\x41\x08\x21\x08\x21\x08\x21\x08\x21\x08\x21\x08\x21" "\x08\x21\x08\x21\x08\x21\x08\x21\x08\x21\x08\x21\x08" M28 M28 M28 M28 M28 M28 M28 M28 M28 M28 M36 
  "\x42\x08\x63\x08\x63\x08\x64\x08\x64\x00\x84\x00\xa5\x00\xc7\x00\xe8\x00\x09\x09\x6c\x11\xae\x11\x11\x1a\x33\x1a\x54\x12\x34" "\x0a\xf4\x09\xd3\x09\xd1\x09\x8e\x09\x0a\x09\x85\x00\x42\x00\x20" M13 
  "\x00\x20\x00\x63\x00\xa6\x00\x2b\x09\xaf\x09\xf2\x11\x14\x0a\x34\x0a\x35\x0a\x55\x12\x55\x12\x54\x1a\x33\x1a\x12\x1a\xf1\x19" 
  "\xcf\x11\xaf\x11\xaf\x11\xaf\x11\x8e\x11\x6d\x09\x6d\x09\x4c\x09\x2c\x09\x2d\x09\x2d\x09\x2d\x09\x2d\x09\x2d\x09\x2d\x09\x2d" "\x09\x2d\x09\x2d\x09\x2d\x09\x2d\x09\x2d\x09\x2d\x09" M59 M59 M59 M59 M59 M59 M59 M59 M59 M59 
  "\x2c\x09\x2c\x09\x2c\x09\x2c\x09\x2c\x09\x2c\x09\x2b\x09\x4d\x09\x6d\x09\x8e\x09\x8f\x11\xaf\x11\xaf\x11\xaf\x11\xd0\x11\x11" 
  "\x1a\x33\x1a\x54\x1a\x55\x12\x55\x12\x55\x12\x35\x0a\x34\x0a\x13\x0a\xd0\x11\x6c\x09\xe8\x00\x85\x00\x42\x00\x20" M10 
  "\x00\x20\x00\x42\x00\x64\x00\xe8\x08\x6d\x09\xf0\x11\x33\x12\x34\x12\x55\x12\x55\x12\x55\x12\x75\x12\x75\x12\x75\x12\x55\x12" "\x55\x12\x55\x1a\x55\x12\x34\x12\x34\x12\x34\x12\x14\x12" M48 M48 M48 M48 M48 M48 M48 M48 M48 M48 M48 
  "\xf4\x09\xf4\x09\xf4\x09\xf4\x09\xf3\x09\x14\x12\x34\x12\x34\x12\x55\x12\x55\x1a\x55\x12\x55\x12\x75\x12\x75\x12\x75\x12\x55" 
  "\x12\x55\x12\x55\x12\x55\x12\x33\x12\x11\x12\xae\x11\x2a\x09\xa6\x00\x63\x00\x42" M7 
  "\x00\x00\x00\x00\x00\x21\x00\x43\x00\xa6\x00\x09\x09\x8d\x11\xf1\x11\x54\x12\x55\x12\x55\x12\x75\x12\x75\x12\x96\x12\x76\x12" 
  "\x75\x12\x55\x12\x55\x12\x55\x12\x55\x12\x55\x12\x35\x12\x15\x0a\x15\x0a\x15\x0a\x15\x0a\x15\x0a\x15\x0a\x15\x0a\x15\x0a\x15" "\x0a\x15\x0a\x15\x0a\x15\x0a\x15\x0a\x15\x0a" M37 M37 M37 M37 M37 M37 
  "\xf5\x09\xf5\x09\x15\x0a\x15\x0a\x15\x0a\x15\x0a\x15\x0a\x15\x0a\x15\x0a\x15\x0a\x15\x0a\x15\x0a\x15\x0a\x15\x0a\x15\x0a\x15" 
  "\x0a\x15\x0a\x15\x0a\x15\x0a\x15\x0a\x15\x0a\x15\x0a\x15\x0a\x15\x0a\x15\x0a\x15\x0a\x15\x0a\x15\x0a\x15\x0a\x15\x0a\x15\x0a" 
  "\x15\x0a\x15\x0a\x15\x0a\x15\x0a\x15\x0a\x15\x0a\x15\x0a\x15\x0a\x15\x0a\x15\x0a\x15\x0a\x15\x0a\x15\x0a\x15\x0a\x15\x0a\x15" 
  "\x0a\x15\x0a\x15\x0a\x15\x0a\x15\x0a\x15\x0a\x15\x0a\x15\x0a\x15\x0a\x15\x0a\x15\x0a\x15\x0a\x15\x0a\x15\x0a\x15\x0a\x15\x0a" 
  "\x15\x0a\x15\x0a\x15\x0a\x15\x0a\x15\x0a\x15\x0a\x15\x0a\x15\x0a\x15\x0a\x35\x12\x55\x12\x55\x12\x55\x12\x55\x12\x55\x12\x75" 
  "\x12\x96\x12\x96\x12\x75\x12\x55\x12\x55\x12\x54\x12\x32\x12\xaf\x11\x4b\x09\xc8\x08\x85\x00\x43\x00\x21" M7 M24 
  "\x00\x01\x00\x22\x00\x64\x00\xa7\x08\x4b\x09\xae\x11\x11\x12\x53\x1a\x74\x1a\x74\x12\x74\x12\x55\x12\x55\x12\x55\x12\x55\x12" "\x55\x12\x55\x12\x35\x12" M37 M37 M37 M37 M37 M37 M37 M37 M37 M37 M37 
  "\xf5\x09\xf5\x09\xf5\x09\xf5\x09\x15\x0a\x55\x12\x55\x12\x55\x12\x55\x12\x55\x12\x55\x12\x74\x12\x74\x12\x74\x1a\x73\x1a\x32" 
  "\x12\xf0\x11\x6d\x09\xea\x08\x86\x00\x44\x00\x22\x00\x21" M7 M16 
  "\x00\x21\x00\x42\x00\x64\x00\xa6\x00\x29\x09\x6b\x09\x6b\x09\x6b\x09\xae\x11\xaf\x11\xd0\x19\xd0\x19\xf1\x19\xf1\x19\xd0\x19" M50 M50 M50 M50 M50 M50 M50 M50 M50 M50 M50 
  "\xf2\x11\xf2\x11\xf2\x11\xf2\x11\xf1\x19\xf1\x19\xf1\x19\xf1\x19\xd0\x19\xd0\x11\xaf\x11\x8c\x09\x6b\x09\x6b\x09\x6a\x09\xc7" 
  "\x00\xa6\x00\x64\x00\x43\x00\x21" M7 M7 M27 "\x00\x21\x00\x42\x00\x43\x00\x43\x00\x43\x00\x64\x00\x64\x00\x64\x00\x64\x08" M46 M46 M46 M46 M46 M46 M46 M46 M46 M46 M46 
  "\x85\x08\x85\x08\x85\x08\x85\x08\x64\x00\x64\x00\x64\x00\x64\x00\x43\x00\x43\x00\x22\x00\x22\x00\x21\x00\x01\x00\x01\x00\x00" "\x00\x21" M7 M7 M7 M7 M7 M7 M7 M7 M7 M7 M7 M7 M7 M7 M7 M7 
  "\x00\x00\x00" ;

// Cleanup macros
#undef M0
#undef M1
#undef M2
#undef M3
#undef M4
#undef M5
#undef M6
#undef M7
#undef M8
#undef M9
#undef M10
#undef M11
#undef M12
#undef M13
#undef M14
#undef M15
#undef M16
#undef M17
#undef M18
#undef M19
#undef M20
#undef M21
#undef M22
#undef M23
#undef M24
#undef M25
#undef M26
#undef M27
#undef M28
#undef M29
#undef M30
#undef M31
#undef M32
#undef M33
#undef M34
#undef M35
#undef M36
#undef M37
#undef M38
#undef M39
#undef M40
#undef M41
#undef M42
#undef M43
#undef M44
#undef M45
#undef M46
#undef M47
#undef M48
#undef M49
#undef M50
#undef M51
#undef M52
#undef M53
#undef M54
#undef M55
#undef M56
#undef M57
#undef M58
#undef M59
#undef M60
#undef M61
#undef M62
#undef M63

#endif
